Comando,NomeCat,IDProduto,CodProd,NomeProd,Peso,Descricao,DescrLonga,DescrURL,URLTarget,Estoque,EstoqueMinimo,Disponivel,ICMS,Custo,Preco,PrecoProm,PrecoB2B,PrecoB2BProm,DataPromInicio,DataPromFim,Lancamento,EmDestaque,ImagemProd,ImagemDet,ImagemAmp,Adicional1,Adicional2,Adicional3,AdicionalD1,AdicionalD2,AdicionalD3,Cores,OrdemProd,IDProdutoPai,RamoProd,MaisProd,DataVencimento,DiasAvisoVencimento,DiasReposicao,IDParceiroProd,DescrHTM,MetaKeywordsProd,MaxParcelasProd,XMLParcelasProd,CodBarrasProd,Embalavel,IsProdutoGrande,LarguraProd,AlturaProd,ProfundidadeProd,CodVideo,ProdMPN,TitleProd,URLProd,VendaConjunta,MetaDescriptionProd,IDsFiltroItem
A,Notebook,5166471,5166471,"Notebook Acer E5-573G-74Q5 15,6"" Core i7 5500U 8Gb 1Tb W10H 64 bits","0,02",<!--PREC-->,<!--ALL NATIONS-->,,False,10,0,True,1.12,3753.9712,4204.447744,4016.75,0,0,,,False,True,5166471_1.jpg,"5166471_1.jpg,5166471_2.jpg,5166471_3.jpg,5166471_4.jpg","5166471_1.jpg,5166471_2.jpg,5166471_3.jpg,5166471_4.jpg",94004,60070,48470,Acer,NX.G5RAL.006,S - SE - CO - NE,,0,,577,"Notebook Acer,Notebook",,0,0,,Frames/5166471.htm,"Notebook Acer, Acer E5-573G-74Q5, Core i7 5500U, NX.G5RAL.006,",12,12,04713392253324,True,True,0,0,0,,E5-573G-74Q5,,notebook-acer-e5-573g-74q5-15-6-core-i7-5500u-8gb-1tb-w10h-64-bits,,,
A,Notebook,5285811,5285811,"Notebook Acer E5-574-307M 15,6"" i3-6100U 4Gb 1Tb W10 Nx.Garal.002","0,02",<!--PREC-->,<!--MAZER-->,,False,17,0,True,1.12,2480.45,2778.104,2721.83,0,0,,,False,True,5285811_1.jpg,"5285811_1.jpg,5285811_2.jpg,5285811_3.jpg,5285811_4.jpg","5285811_1.jpg,5285811_2.jpg,5285811_3.jpg,5285811_4.jpg",94004,60070,48470,Acer,Nx.Garal.002,S - SE - CO - NE,,0,,577,,,0,0,,Frames/5285811.htm,"Notebook Acer, Notebook E5, Notebook core i3,",12,12,04713392476488,True,True,0,0,0,,E5-574-307M,,notebook-acer-e5-574-307m-15-6--4gb-1tb-w10-nx-garal-002-44199771,,,
A,Notebook,5294012,5294012,"Notebook Acer Es1-431-p0v7 14"" Q4 N3700 4Gb 500Gb W10 Nx.Garal.002","0,02",<!--PREC-->,<!--ALL NATIONS-->,,False,10,0,True,1.12,1964.3737,2200.098544,2101.88,0,0,,,False,True,5294012_1.jpg,"5294012_1.jpg,5294012_2.jpg,5294012_3.jpg","5294012_1.jpg,5294012_2.jpg,5294012_3.jpg",94004,60068,48470,Acer,Nx.G94Al.002,S - SE - CO - NE,,0,,577,,,0,0,,Frames/5294012.htm,"Notebook Acer, Notebook Acer Es, Acer Es, Es1-431-p0v7, Nx.G94Al.002,",12,12,04713392301148,True,True,0,0,0,,Nx.G94Al.002,"Notebook Acer Es1-431-p0v7 14"" Q4 N3700",notebook-acer-es1-431-p0v7-14--q4-n3700-4gb-500gb-w10-nx-garal-002-62470645,,,
A,Notebook,4418113,4418113,"Notebook Asus K555Lb 15,6"" Core i5 5200U 8Gb 500Gb W10 Home","0,02",<!--PREC-->,<!--NETWORK1-->,,False,3,0,True,1.12,3624.9,4059.888,3878.64,0,0,,,False,True,4418113_1.jpg,"4418113_1.jpg,4418113_2.jpg,4418113_3.jpg","4418113_1.jpg,4418113_2.jpg,4418113_3.jpg",94004,60071,48470,Asus,K555LB-BRA-DM451T,S - SE - CO - NE,,0,,577,,,0,0,,Frames/4418113.htm,,12,12,04712900202168,True,True,0,0,0,,K555Lb,,,,,
A,Notebook,5134702,5134702,"Notebook Asus PU401LA 14"" Core i7-4500U 6Gb 500Gb W8 Pro","0,02",<!--PREC-->,<!--HOUTER-->,,False,3,0,True,1.12,3297.34,3693.0208,3528.15,0,0,,,False,True,5134702_1.jpg,"5134702_1.jpg,5134702_2.jpg,5134702_3.jpg","5134702_1.jpg,5134702_2.jpg,5134702_3.jpg",94004,60067,48470,Asus,PU401LA-WO075P,S - SE - CO - NE,,0,,577,,,0,0,,Frames/5134702.htm,,12,12,07898570000000,True,True,0,0,0,,PU401LA-WO075P,,notebook-asus-pu401la-14-core-i7-4500u-6gb-500gb-w8-pro,,,
A,Notebook,5292244,5292244,"Notebook Asus X555lf 15,6"" Core I5 5200u  6Gb 1Tb 2gb W10H",,<!--PREC-->,,,False,,0,False,1.12,,,3487.06,0,0,,,False,True,5292244_1.jpg,"5292244_1.jpg,5292244_2.jpg,5292244_3.jpg,5292244_4.jpg,5292244_5.jpg,5292244_6.jpg","5292244_1.jpg,5292244_2.jpg,5292244_3.jpg,5292244_4.jpg,5292244_5.jpg,5292244_6.jpg",94004,,48470,Asus,90NB08H2-M06260,,,0,,577,,,0,0,,Frames/5292244.htm,"Notebook Asus X555lf, Notebook i5, Notebook Gamer,",12,12,07898573293690,True,True,0,0,0,,X555lf-bra-xx429t,"Notebook Asus X555lf 15,6"" I5 5200u 6Gb 1Tb",notebook-asus-x555lf-15-6--core--153--i5-5200u--6gb-1tb-2gb-w10h-9412784,,,
A,Notebook,4418109,4418109,"Notebook Asus X555LF 15,6"" Core i7 5500U  6Gb 1Tb W10 Home","0,02",<!--PREC-->,<!--NETWORK1-->,,False,6,0,True,1.12,4185.9,4688.208,4478.91,0,0,,,False,True,4418109_1.jpg,"4418109_1.jpg,4418109_2.jpg,4418109_3.jpg,4418109_4.jpg","4418109_1.jpg,4418109_2.jpg,4418109_3.jpg,4418109_4.jpg",94004,60071,48470,Asus,X555LF-BRA-XX190T,S - SE - CO - NE,,0,,577,"Notebook Asus,",,0,0,,Frames/4418109.htm,,12,12,07898573293294,True,True,0,0,0,,X555LF,,,,,
A,Notebook,4830352,4830352,"Notebook Asus X751lj 17,3"" Core I5 5200u 8Gb 1Tb Gt920m 2gb W10",,<!--PREC-->,,,False,,0,False,1.12,,,3984.57,0,0,,,False,True,4830352_1.jpg,"4830352_1.jpg,4830352_2.jpg,4830352_3.jpg","4830352_1.jpg,4830352_2.jpg,4830352_3.jpg",94004,,48470,Asus,X751lj-ty171t,,,0,,577,"Notebook Asus,",,0,0,,Frames/4830352.htm,,12,12,07898573293324,True,True,0,0,0,,X751lj,,,,,
A,Notebook,5092671,5092671,"Notebook Dell 3450 14"" Série 3000 I5-5200U 4Gb 500Gb W8Pro Dg7",,<!--PREC-->,,,False,,0,False,1.12,,,0,0,0,,,False,True,5092671_1.jpg,"5092671_1.jpg,5092671_2.jpg,5092671_3.jpg","5092671_1.jpg,5092671_2.jpg,5092671_3.jpg",94004,,48470,Dell,210-Aczo-Lati5-4-500,,,0,,577,Notebook Dell,,0,0,,Frames/5092671.htm,Notebook Dell 3450 14'' I5-5200U 4Gb 500Gb W8Pro Dg7,12,12,07899864905803,True,True,0,0,0,,210-Aczo-Lati5-4-500,,notebook-dell-3450-14-serie-3000-i5-5200u-4gb-500gb-w8pro-dg7,,,
A,Notebook,4031073,4031073,Notebook Dell 5250 12'' I5-5300U 4Gb 500Gb W8P Dg7,"0,02",<!--PREC-->,<!--INGRAM-->,,False,14,0,True,1.12,4512.04,5053.4848,5324.2,0,0,,,False,True,4031073_1.jpg,"4031073_1.jpg,4031073_2.jpg,4031073_3.jpg","4031073_1.jpg,4031073_2.jpg,4031073_3.jpg",94004,60067,48470,Dell,210-Actx-Lati5-4-500,S - SE - CO - NE,,0,,577,Notebook Dell,,0,0,,Frames/4031073.htm,"Notebook, Dell, Latitude 5250, 12',' I5-5300U, 4Gb, 500Gb, W8P Dg7, Laptop,",12,12,00884116154853,True,True,0,0,0,,210-Actx-Lati5-4-500,,notebook-dell-5250-12-i5-5300u-4gb-500gb-w8p-dg7,,,
A,Notebook,4907171,4907171,"Notebook Hp 240 G3 14"" Core I5 4Gb 500Gb W8 Pro L3Z51Lt",,<!--PREC-->,,,False,,0,False,1.07,,,3251.58,0,0,,,False,True,4907171_1.jpg,"4907171_1.jpg,4907171_2.jpg,4907171_3.jpg","4907171_1.jpg,4907171_2.jpg,4907171_3.jpg",94004,,48470,Hp,L3Z51Lt,,,0,,577,Notebook Hp,,0,0,,Frames/4907171.htm,,12,12,00889296184362,True,True,0,0,0,*L3Z51LT*,L3Z51LT,,notebook-hp-240-g3-14-core-i5-4gb-500gb-w8-pro-l3z51lt,,,
A,Notebook,4907170,4907170,Notebook Hp 240 G3 Core I3 4Gb 500Gb W8 Pro L3Z50Lt,,<!--PREC-->,,,False,,0,False,1.12,,,0,0,0,,,False,True,4907170_pr.jpg,"4907170_det.jpg,4907170_det2.jpg,4907170_det3.jpg","4907170_amp.jpg,4907170_amp2.jpg,4907170_amp3.jpg",94004,,48470,Hp,L3Z50Lt,,,0,,577,Notebook Hp,,0,0,,Frames/4907170.htm,,12,12,00889296000000,True,True,0,0,0,*L3Z50Lt*,L3Z50LT,,notebook-hp-240-g3-core-i3-4gb-500gb-w8-pro-l3z50lt,,,
A,Notebook,5174769,5174769,"Notebook Hp 240 G4 14"" i3-5005U 4Gb 500Gb W10 Pro P7Q27LT","0,02",<!--PREC-->,<!--AGIS-->,,False,88,0,True,1.18,2472.2,2917.196,2645.99,0,0,,,False,True,5174769_1.jpg,"5174769_1.jpg,5174769_2.jpg,5174769_3.jpg","5174769_1.jpg,5174769_2.jpg,5174769_3.jpg",94004,60071,48470,Hp,P7Q27LT,S - SE - CO - NE,,0,,577,"Notebook Hp,Notebook",,0,0,,Frames/5174769.htm,"notebook hp 240,notebook hp 240 g4,notebook hp i3,hp 240 g4,notebook hp 240g4,hp 240,",12,12,00889894472793,True,True,0,0,0,P7Q27LT*,P7Q27LT,"Notebook Hp 240 G4 14"" i3 4Gb 500Gb P7Q27LT",notebook-hp-240-g4-14-i3-5005u-4gb-500gb-w10-pro-p7q27lt,,"Windows 10, Intel® Core i3-5010U com Intel HD 5500, DDR3L-1600 SDRAM 8GB, 500 GB SATA (7200 rpm) Tela SVA-Glare HD planta LED backlit - FRETE GRÁTIS",
A,Notebook,5175428,5175428,"Notebook Hp 240 G4 14"" i5-6200U 4Gb 1Tb W10 Pro P7Q28LT","0,02",<!--PREC-->,<!--ALL NATIONS-->,,False,10,0,True,1.18,3200.1034,3776.122012,3422.9,0,0,,,False,True,5175428_1.jpg,"5175428_1.jpg,5175428_2.jpg,5175428_3.jpg","5175428_1.jpg,5175428_2.jpg,5175428_3.jpg",94004,60070,48470,Hp,P7Q28LT,S - SE - CO - NE,,0,,577,"Notebook Hp,Notebook",,0,0,,Frames/5175428.htm,,12,12,00889894464712,True,True,0,0,0,P7Q28LT*,P7Q28LT,,notebook-hp-240-g4-14-i5-6200u-4gb-1tb-w10-pro-p7q28lt,,,
A,Notebook,5160385,5160385,"Notebook Hp ProBook 440 G2 14"" i3-4030U 8Gb 500Gb W8.1 J0Z08AV",,<!--PREC-->,,,False,,0,False,1.12,,,0,0,0,,,False,True,5160385_1.jpg,"5160385_1.jpg,5160385_2.jpg,5160385_3.jpg","5160385_1.jpg,5160385_2.jpg,5160385_3.jpg",94004,,48470,Hp,J0Z08Av,,,0,,577,"Notebook Hp,Notebook",,0,0,,Frames/5160385.htm,,12,12,08118874161412,True,True,0,0,0,*J0Z08AV*,J0Z08Av,Notebook Hp ProBook 440 G2i3-4030U J0Z08AV,notebook-hp-probook-440-g2-14-i3-4030u-8gb-500gb-w8-1-j0z08av,,,
A,Notebook,4907178,4907178,"Notebook Lenovo B40 14"" Core I3 4Gb 500Gb W8.1 Pro 80F30006Br","0,02",<!--PREC-->,<!--MAZER-->,,False,7,0,True,1.12,2520.68,2823.1616,2774.97,0,0,,,False,True,4907178_1.jpg,"4907178_1.jpg,4907178_2.jpg,4907178_3.jpg,4907178_4.jpg","4907178_1.jpg,4907178_2.jpg,4907178_3.jpg,4907178_4.jpg",94004,60070,48470,Lenovo,80F30006BR,S - SE - CO - NE,,0,,577,Notebook Lenovo,,0,0,,Frames/4907178.htm,"notebook,notebook lenovo,notebook b40,notebook 14"",notebook Core I3,Core I3 4Gb,Core I3 500Gb,Core i3 W8.1 Pro",12,12,00889233189092,True,True,0,0,0,,80F30006BR,,notebook-lenovo-b40-14-core-i3-4gb-500gb-w8-1-pro-80f30006br,,,
A,Notebook,5309004,5309004,"Notebook Lenovo B40 14"" Core i7-4510U 4Gb 1Tb W8.1Sl 80F30011Br","0,02",<!--PREC-->,<!--ALL NATIONS-->,,False,10,0,True,1.12,3891.0229,4357.945648,4163.39,0,0,,,False,True,5309004_1.jpg,"5309004_1.jpg,5309004_2.jpg","5309004_1.jpg,5309004_2.jpg",94004,60068,48470,Lenovo,80F30011Br,S - SE - CO - NE,,0,,577,,,0,0,,Frames/5309004.htm,,12,12,00889800855917,True,True,0,0,0,,80F30011Br,"Notebook Lenovo B40 14"" Core i7-4510U 4Gb",notebook-lenovo-b40-14--core-i7-4510u-4gb-1tb-w8-1sl-80f30011br-94961184,,,
A,Notebook,5166499,5166499,"Notebook Lenovo B40-70 14"" Core i3-4005U 4Gb 500Gb W8Pro 64 Bits","0,02",<!--PREC-->,<!--AGIS-->,,False,3,0,True,1.11,2332.9,2589.519,2683.59,0,0,,,False,True,5166499_1.jpg,"5166499_1.jpg,5166499_2.jpg,5166499_3.jpg","5166499_1.jpg,5166499_2.jpg,5166499_3.jpg",94004,60071,48470,Lenovo,80F30018BR,S - SE - CO - NE,,0,,577,"Notebook Lenovo,Notebook",,0,0,,Frames/5166499.htm,,12,12,00889955314284,True,True,0,0,0,,80F30018BR,,notebook-lenovo-b40-70-14-core-i3-4005u-4gb-500gb-w8pro-64-bits,,,
A,Notebook,4449846,4449846,"Notebook Lenovo B40-70 14"" Core I5-4200U 4Gb 500Gb",,<!--PREC-->,,,False,,0,False,1.18,,,3603.72,0,0,,,False,True,4449846_1.jpg,"4449846_1.jpg,4449846_2.jpg,4449846_3.jpg","4449846_1.jpg,4449846_2.jpg,4449846_3.jpg",94004,,48470,Lenovo,80F3000Kbr,,,0,,577,Notebook Lenovo,,0,0,,Frames/4449846.htm,"Notebook, Lenovo, B40-70, 14'', Core I5-4200U, 4Gb, 500Gb, B40, 80F3000Kbr,",12,12,00889800144639,True,True,0,0,0,,80F3000Kbr,,notebook-lenovo-b40-70-14-core-i5-4200u-4gb-500gb,,,
A,Notebook,4449856,4449856,"Notebook Lenovo B40-70 14"" Core I5-4200U 4Gb 500Gb W8","0,02",<!--PREC-->,<!--NETWORK1-->,,False,50,0,True,1.07,2691,2879.37,2844.06,0,0,,,False,True,4449856_1.jpg,"4449856_1.jpg,4449856_2.jpg","4449856_1.jpg,4449856_2.jpg",94004,60071,48470,Lenovo,80F3000Mbr,S - SE - CO - NE,,0,,577,Notebook Lenovo,,0,0,,Frames/4449856.htm,"Notebook, Lenovo, B40-70, 14'', Core I5-4200U, 4Gb, 500Gb, 80F3000Mbr,",12,12,00889800144790,True,True,0,0,0,,80F3000Mbr,,notebook-lenovo-b40-70-14-core-i5-4200u-4gb-500gb-w8,,,
A,Notebook,5166528,5166528,"Notebook Lenovo B40-70 14"" Core i5-4200U 4Gb 500Gb W8Pro 64 Bits","0,02",<!--PREC-->,<!--OFFICER-->,,False,71,0,True,1.07,3128.29,3347.2703,3347.27,0,0,,,False,True,5166528_1.jpg,"5166528_1.jpg,5166528_2.jpg,5166528_3.jpg","5166528_1.jpg,5166528_2.jpg,5166528_3.jpg",94004,60067,48470,Lenovo,80F3001BBR,S - SE - CO - NE,,0,,577,"Notebook Lenovo,Notebook",,0,0,,Frames/5166528.htm,,12,12,00889955314413,True,True,0,0,0,,80F3001BBR,,notebook-lenovo-b40-70-14-core-i5-4200u-4gb-500gb-w8pro-64-bits,,,
A,Notebook,5134717,5134717,"Notebook Lenovo L440 14"" Core i5-4300M 4Gb 500Gb W8.1 Pro","0,02",<!--PREC-->,<!--ALL NATIONS-->,,False,10,0,True,1.18,3811.7356,4497.848008,4078.56,0,0,,,False,True,5134717_1.jpg,"5134717_1.jpg,5134717_2.jpg,5134717_3.jpg","5134717_1.jpg,5134717_2.jpg,5134717_3.jpg",94004,60071,48472,Lenovo,20AS008Dbp,S - SE - CO - NE,,0,,577,"Notebook Lenovo,Notebook",,0,0,,Frames/5134717.htm,,12,12,00889561158753,True,True,0,0,0,,20AS008Dbp,,notebook-lenovo-l440-14-core-i5-4300m-4gb-500gb-w8-1-pro,,,
A,Notebook,4830347,4830347,Notebook Lenovo T450 Core I5 5300u 4Gb 500Gb Ssd 16Gb W8.1 Pro,"0,02",<!--PREC-->,<!--ALL NATIONS-->,,False,10,0,True,1.12,5873.161,6577.94032,6930.33,0,0,,,False,True,4830347_1.jpg,"4830347_1.jpg,4830347_2.jpg,4830347_3.jpg","4830347_1.jpg,4830347_2.jpg,4830347_3.jpg",94004,60071,48470,Lenovo,20BU006TBR,S - SE - CO - NE,,0,,577,Notebook Acer,,0,0,,Frames/4830347.htm,,12,12,00889561954843,True,True,0,0,0,,T450,,,,,
A,Notebook,5126544,5126544,"Ultrabook Lenovo T430u 14"" i5-3337U 4Gb 500Gb W7 Pro 33526WP",,<!--PREC-->,,,False,,0,False,1.12,,,0,0,0,,,False,True,5126544_1.jpg,"5126544_1.jpg,5126544_2.jpg,5126544_3.jpg,5126544_4.jpg","5126544_1.jpg,5126544_2.jpg,5126544_3.jpg,5126544_4.jpg",94004,,48472,Lenovo,33526WP,,,0,,577,,,0,0,,Frames/5126544.htm,,12,12,00888228464015,True,True,0,0,0,,33526WP,,ultrabook-lenovo-t430u-14-i5-3337u-4gb-500gb-w7-pro-33526wp,,,
A,Notebook,4642787,4642787,Ultrabook Lenovo T440 I5 4Gb 500Gb+ 16Gb Ssd W7 Pro 20B7002Lbr,,<!--PREC-->,,,False,,0,False,1.12,,,0,0,0,,,False,True,4642787_pr.jpg,"4642787_det.jpg,4642787_det2.jpg,4642787_det3.jpg","4642787_amp.jpg,4642787_amp2.jpg,4642787_amp3.jpg",94004,,48470,Lenovo,20B7002Lbr,,,0,,577,"Notebook Lenovo,Notebook",,0,0,,Frames/4642787.htm,,12,12,00888228436241,True,True,0,0,0,,20B7002Lbr,,ultrabook-lenovo-t440-i5-4gb-500gb-16gb-ssd-w7-pro-20b7002lbr,,,
A,PC,4647391,4647391,"All In One Hp ProOne 400 19,5"" I5-4590T 4Gb 500Gb W8.1P Dg W7P K6Q36LT","0,02",<!--PREC-->,<!--ALL NATIONS-->,,False,10,0,True,1.12,4797.1381,5372.794672,5132.94,0,0,,,False,True,4647391_1.jpg,"4647391_1.jpg,4647391_2.jpg,4647391_3.jpg","4647391_1.jpg,4647391_2.jpg,4647391_3.jpg",94004,60068,48470,Hp,K6Q36LT,S - SE - CO - NE,,0,,549,"All in One Hp,",,0,0,,Frames/4647391.htm,,12,12,00889296233831,True,True,0,0,0,,K6Q36LT,,,,,
A,PC,5199725,5199725,Pc Dell 3020 i3-4160 4Gb 500Gb W8 Pro Dg W7,"0,02",<!--PREC-->,<!--INGRAM-->,,False,7,0,True,1.18,2588.56,3054.5008,0,0,0,,,False,True,5199725_1.jpg,"5199725_1.jpg,5199725_2.jpg,5199725_3.jpg","5199725_1.jpg,5199725_2.jpg,5199725_3.jpg",94004,60071,48470,Dell,210-ABJO-OPTI3-4-500,S - SE - CO - NE,,0,,16,"PC Dell,",,0,0,,Frames/5199725.htm,,12,12,07899864905728,True,True,0,0,0,,210-ABJO-OPTI3-4-500,,pc-dell-3020-optiplex-i3-4160-4gb-500gb-w8-pro-dg-w7-210-abjo-opti3-4-500,,,
A,PC,5092908,5092908,Pc Dell 3020M OptiPlex I3 4160 4Gb 500Gb W8Pro Dg7,"0,02",<!--PREC-->,<!--INGRAM-->,,False,35,0,True,1.18,2476.35,2922.093,0,0,0,,,False,True,5092908_1.jpg,"5092908_1.jpg,5092908_2.jpg,5092908_3.jpg","5092908_1.jpg,5092908_2.jpg,5092908_3.jpg",94004,60067,48470,Dell,210-Acvt-Opti3-4-500,S - SE - CO - NE,,0,,16,PC Dell,,0,0,,Frames/5092908.htm,"Notebook Dell, 3020M, OptiPlex, I3 4160, 4Gb, 500Gb, W8Pro Dg7,",12,12,07899864905742,True,True,0,0,0,,210-Acvt-Opti3-4-500,,pc-dell-3020m-optiplex-i3-4160-4gb-500gb-w8pro-dg7,,,
A,PC,5129969,5129969,Pc Dell 7020 OptiPlex i5-4590 4Gb 500Gb W7 Pro 210-Actu-3,,<!--PREC-->,,,False,,0,False,1.12,,,0,0,0,,,False,True,5129969_1.jpg,"5129969_1.jpg,5129969_2.jpg","5129969_1.jpg,5129969_2.jpg",94004,,48470,Dell,210-Actu-3,,,0,,16,PC Dell,,0,0,,Frames/5129969.htm,,12,12,,True,True,0,0,0,,210-Actu-3,,pc-dell-7020-optiplex-i5-4590-4gb-500gb-w7-pro-210-actu-3,,,
A,PC,5091344,5091344,Pc Dell 9020 OptiPlex I5-4590 4Gb 500Gb W7 Pro,,<!--PREC-->,,,False,,0,False,1.12,,,4470.93,0,0,,,False,True,5091344_1.jpg,"5091344_1.jpg,5091344_2.jpg,5091344_3.jpg","5091344_1.jpg,5091344_2.jpg,5091344_3.jpg",94004,,48470,Dell,210-Aayw-Opti5-4-500,,,0,,16,,,0,0,,Frames/5091344.htm,"Pc Dell, 9020 OptiPlex, I5-4590, 4Gb, 500Gb, W7 Pro, 210-Aayw-Opti5-4-500,",12,12,00817960814000,True,True,0,0,0,,210-Aayw-Opti5-4-500,,pc-dell-9020-optiplex-i5-4590-4gb-500gb-w7-pro,,,
A,PC,5091385,5091385,Pc Dell 9020 OptiPlex I7-4790 8Gb 1Tb W8 Pro Dg7,,<!--PREC-->,,,False,,0,False,1.18,,,0,0,0,,,False,True,5091385_1.jpg,"5091385_1.jpg,5091385_2.jpg,5091385_3.jpg","5091385_1.jpg,5091385_2.jpg,5091385_3.jpg",94004,,48472,Dell,210-Aayw-Opti7-8-1Tb,,,0,,16,PC Dell,,0,0,,Frames/5091385.htm,"Pc Dell, 9020 OptiPlex, I7-4790, 8Gb, 1Tb, W8 Pro Dg7, 210-Aayw-Opti7-8-1Tb,",12,12,07899864905773,True,True,0,0,0,,210-Aayw-Opti7-8-1Tb,,pc-dell-9020-optiplex-i7-4790-8gb-1tb-w8-pro-dg7,,,
A,PC,4462671,4462671,Pc Diebold Verus Box Celeron G1610 2.0Ghz 2Gb 500Gb W7 Pro,,<!--PREC-->,,,False,,0,False,1.12,,,0,0,0,,,False,True,4462671_1.jpg,"4462671_1.jpg,4462671_2.jpg","4462671_1.jpg,4462671_2.jpg",94004,,48470,Diebold,92.510.11163-9,,,0,,16,,,0,0,,Frames/4462671.htm,,12,12,,True,True,0,0,0,,DT9850-820A,,pc-diebold-verus-box-celeron-g1610-2-0ghz-2gb-500gb-w7-pro,,,
A,PC,4528231,4528231,"Pc Diebold Verus Server Core i3-2120 3,30GHz 2Gb 500Gb W7 Pro",,<!--PREC-->,,,False,,0,False,1.12,,,0,0,0,,,False,True,4528231_1.jpg,4528231_1.jpg,4528231_1.jpg,94004,,48470,Diebold,92.510.11170-7,,,0,,16,,,0,0,,Frames/4528231.htm,,12,12,,True,True,0,0,0,,TW 9850-200,,pc-diebold-verus-server-core-i3-2120-3-30ghz-2gb-500gb-w7-pro,,,
A,PC,4893332,4893332,Pc Hp 402G1 Core I3 4Gb 500Gb Free-Dos K6Q14Lt,"0,02",<!--PREC-->,<!--AGIS-->,,False,3,0,True,1.07,1888.26,2020.4382,1938.45,0,0,,,False,True,4893332_1.jpg,"4893332_1.jpg,4893332_2.jpg","4893332_1.jpg,4893332_2.jpg",94004,60071,48470,Hp,K6Q14Lt,S - SE - CO - NE,,0,,549,Pc Hp,,0,0,,Frames/4893332.htm,,12,12,00889296119609,True,True,0,0,0,*K6Q14LT*,K6Q14LT,,pc-hp-402g1-core-i3-4gb-500gb-free-dos-k6q14lt,,,
A,PC,4449844,4449844,Pc Lenovo 63 Core I3-4160 4Gb 500Gb W8 Pro,,<!--PREC-->,,,False,,0,False,1.12,,,3152.35,0,0,,,False,True,4449844_1.jpg,4449844_1.jpg,4449844_1.jpg,94004,,48470,Lenovo,90At0053Br,,,0,,16,PC Lenovo,,0,0,,Frames/4449844.htm,"Pc Lenovo, Lenovo 63, Core I3-4160, 4Gb, 500Gb, Win 8 Pro, 90At0053Br,",12,12,00889561728000,True,True,0,0,0,,90At0053Br,,pc-lenovo-63-core-i3-4160-4gb-500gb-w8-pro,,,
A,PC,4743850,4743850,Pc Lenovo 63 Pentium G3250 4Gb 500Gb Linux 90AT005KBR,"0,02",<!--PREC-->,<!--INGRAM-->,,False,4,0,True,1.12,1642.42,1839.5104,1757.39,0,0,,,False,True,4743850_pr.jpg,"4743850_det.jpg,4743850_det2.jpg,4743850_det3.jpg","4743850_amp.jpg,4743850_amp2.jpg,4743850_amp3.jpg",94004,60067,48470,Lenovo,90AT005KBR,S - SE - CO - NE,,0,,549,PC Lenovo,,0,0,,Frames/4743850.htm,,12,12,00889955337610,True,True,0,0,0,,90AT005KBR,,pc-lenovo-63-pentium-g3250-4gb-500gb-linux-90at005kbr,,,
A,PC,4545432,4545432,Pc Lenovo 63 Tw Core I3-4130 4Gb 500Gb Linux 90At0002Br,,<!--PREC-->,,,False,,0,False,1.12,,,0,0,0,,,False,True,4545432_pr.jpg,4545432_det.jpg,4545432_amp.jpg,94004,,48470,Lenovo,90At0002Br,,,0,,549,PC Lenovo,,0,0,,Frames/4545432.htm,,12,12,00888631610207,True,True,0,0,0,,90At0002Br,,pc-lenovo-63-tw-core-i3-4130-4gb-500gb-linux-90at0002br,,,
A,PC,5091318,5091318,Pc lenovo E73 Core I7-4790S 4Gb 500Gb W7 C/Lic,,<!--PREC-->,,,False,,0,False,1.12,,,0,0,0,,,False,True,5091318_1.jpg,"5091318_1.jpg,5091318_2.jpg,5091318_3.jpg","5091318_1.jpg,5091318_2.jpg,5091318_3.jpg",94004,,48470,Lenovo,10Au00Hkbp,,,0,,16,"PC Lenovo,Lenovo E73",,0,0,,Frames/5091318.htm,"Pc lenovo E73, Core I7-4790S, 4Gb, 500Gb, W7, C/Lic,",12,12,00889561035191,True,True,0,0,0,,10Au00Hkbp,,pc-lenovo-e73-core-i7-4790s-4gb-500gb-w7-c-lic,,,
A,PC,4536420,4536420,Pc Lenovo E73 Sff Core I5 4Gb 500Gb W8 Pro 10Au002Nbp,,<!--PREC-->,,,False,,0,False,1.12,,,0,0,0,,,False,True,4536420_pr.jpg,"4536420_det.jpg,4536420_det2.jpg,4536420_det3.jpg","4536420_amp.jpg,4536420_amp2.jpg,4536420_amp3.jpg",94004,,48470,Lenovo,10Au002Nbp,,,0,,549,PC Lenovo,,0,0,,Frames/4536420.htm,,12,12,00888772178826,True,True,0,0,0,,10Au002Nbp,,pc-lenovo-e73-sff-core-i5-4gb-500gb-w8-pro-10au002nbp,,,
A,PC,4893339,4893339,Pc Mini Hp 705G1 Amd A8 Pro 4Gb 500Gb W8.1 Pro Dg W7Pro K6N89Lt,,<!--PREC-->,,,False,,0,False,1.12,,,0,0,0,,,False,True,4893339_1.jpg,"4893339_1.jpg,4893339_2.jpg","4893339_1.jpg,4893339_2.jpg",94004,,48470,Hp,K6N89Lt,,,0,,549,Pc Hp,,0,0,,Frames/4893339.htm,,12,12,00888793869208,True,True,0,0,0,*K6N89LT*,K6N89LT,,pc-mini-hp-705g1-amd-a8-pro-4gb-500gb-w8-1-pro-dg-w7pro-k6n89lt,,,
A,Placa de Rede,4994525,4994525,Conversor de Mídia Cisco 10Gbase-Lr Sfp Transceptor Sfp-10G-Lr=,"0,02",<!--PREC-->,<!--OFFICER-->,,False,3,0,True,1.12,5565.44,6233.2928,0,0,0,,,False,True,4994525_1.jpg,"4994525_1.jpg,4994525_2.jpg,4994525_3.jpg","4994525_1.jpg,4994525_2.jpg,4994525_3.jpg",94004,60066,48470,Cisco,SFP-10G-LR=,S - SE - CO - NE,,0,,584,"Switch Cisco,",,0,0,,Frames/4994525.htm,,12,12,00882658167126,True,True,0,0,0,,SFP-10G-LR=,,conversor-de-midia-cisco-10gbase-lr-sfp-transceptor-sfp-10g-lr-,,,
A,Placa de Rede,5093715,5093715,Placa De Rede Dell Pci-E 1Gb 5720 Dual Port Gigabit 540-Bbgy,"0,02",<!--PREC-->,<!--INGRAM-->,,False,5,0,True,1.12,407.13,455.9856,0,0,0,,,False,True,5093715_1.jpg,5093715_1.jpg,5093715_1.jpg,94004,60071,48470,Dell,540-Bbgy,S - SE - CO - NE,,0,,584,Placa de Rede Dell,,0,0,,Frames/5093715.htm,"Placa De Rede, Dell, 1Gb, 5720, Dual Port Gigabit, 540-Bbgy,",12,12,00884116209225,True,True,0,0,0,,540-Bbgy,,placa-de-rede-dell-pci-e-1gb-5720-dual-port-gigabit-540-bbgy,,,
A,Placa de Vídeo,4522489,4522489,Placa De Vídeo Asus Gtx 750 1Gb 128Bits Ddr5,"0,02",<!--PREC-->,<!--HOUTER-->,,False,6,0,True,1.07,676.54,723.8978,833.07,0,0,,,False,True,4522489_pr.jpg,"4522489_det.jpg,4522489_det2.jpg,4522489_det3.jpg","4522489_amp.jpg,4522489_amp2.jpg,4522489_amp3.jpg",94004,60067,48470,Asus,Gtx750-Phoc-1Gd5,S - SE - CO - NE,,0,,586,"Placa de Vídeo Asus,Placa de Vídeo",,0,0,,Frames/4522489.htm,"Placa,De,Vídeo,Pci-E,Asus,Geforce,Gtx,750,1Gb,128,Bits,Ddr5",12,12,04716659681748,True,True,0,0,0,,Gtx750-Phoc-1Gd5,,placa-de-video-asus-gtx-750-1gb-128bits-ddr5,,,
A,Placa de Vídeo,4679465,4679465,Placa De Vídeo Evga Gforce Gtx750Ti 2Gb 128Bits Ddr5 Sc 02G-P4-3753-Kr,"0,02",<!--PREC-->,<!--ALL NATIONS-->,,False,10,0,True,1.07,594.8779,636.519353,636.52,0,0,,,False,True,4679465_pr.jpg,"4679465_det.jpg,4679465_det2.jpg,4679465_det3.jpg","4679465_amp.jpg,4679465_amp2.jpg,4679465_amp3.jpg",94004,60070,48470,Evga,02G-P4-3753-Kr,S - SE - CO - NE,,0,,586,Placa de Vídeo Evga,,0,0,,Frames/4679465.htm,"Placa,De,Vídeo,Pci-E,Evga,Gforce,Gtx750Ti,2Gb,128Bits,Ddr5,Sc,02G-P4-3753-Kr",12,12,04250812403018,True,True,0,0,0,,02G-P4-3753-Kr,,placa-de-video-evga-gforce-gtx750ti-2gb-128bits-ddr5-sc-02g-p4-3753-kr,,,
A,Placa de Vídeo,4439763,4439763,Placa De Vídeo Gigabyte Gtx 970 4Gb Ddr5 256Bits Hdmi/Dvi/Dp-Pcie 3.0,"0,02",<!--PREC-->,<!--MAZER-->,,False,6,0,True,1.12,2095.77,2347.2624,2060.1,0,0,,,False,True,4439763_1.jpg,"4439763_1.jpg,4439763_2.jpg,4439763_3.jpg,4439763_4.jpg","4439763_1.jpg,4439763_2.jpg,4439763_3.jpg,4439763_4.jpg",94004,60069,48470,Gibabyte,Gv-n970g1Gaming-4gd,S - SE - CO - NE,,0,,586,"Placa de Vídeo Gigabyte,",,0,0,,Frames/4439763.htm,,12,12,04719331336158,True,True,0,0,0,,Gv-n970g1 Gaming-4gd,,placa-de-video-gigabyte-gtx-970-4gb-ddr5-256bits-hdmi-dvi-dp-pcie-3-0,,,
A,Placa de Vídeo,4522488,4522488,Placa De Vídeo Pny Gtx 750 1Gb 128Bits Ddr5,,<!--PREC-->,,,False,,0,False,1.15,,,0,0,0,,,False,True,4522488_1.jpg,"4522488_1.jpg,4522488_2.jpg,4522488_3.jpg","4522488_1.jpg,4522488_2.jpg,4522488_3.jpg",94004,,48470,Pny,Vcggtx7501Xpb,,,0,,586,Placa de Vídeo Pny,,0,0,,Frames/4522488.htm,"Placa,De,Vídeo,Pci-E,Pny,Geforce,Gtx,750,1Gb,128,Bits,Ddr5",12,12,00751492572055,True,True,0,0,0,,Vcggtx7501Xpb,,placa-de-video-pny-gtx-750-1gb-128bits-ddr5,,,
A,Placa de Vídeo,4522491,4522491,Placa De Vídeo Pny Gtx 750Ti 2Gb 128Bits Ddr5,,<!--PREC-->,,,False,,0,False,1.07,,,701.96,0,0,,,False,True,4522491_1.jpg,"4522491_1.jpg,4522491_2.jpg,4522491_3.jpg","4522491_1.jpg,4522491_2.jpg,4522491_3.jpg",94004,,48470,Pny,Vcggtx750T2Xpb,,,0,,586,Placa de Vídeo Pny,,0,0,,Frames/4522491.htm,"Placa,De,Vídeo,Pci-E,Pny,Geforce,Gtx,750,Ti,2Gb,128,Bits,Ddr5",12,12,00751492572000,True,True,0,0,0,,Vcggtx750T2Xpb,,placa-de-video-pny-gtx-750ti-2gb-128bits-ddr5,,,
A,Placa de Vídeo,3047339,3047339,Placa De Video Pny Gtx 960 4Gb Ddr5 128Bits,"0,02",<!--PREC-->,<!--ALL NATIONS-->,,False,10,0,True,1.11,1074.0094,1192.150434,1149.19,0,0,,,False,True,3047339_1.jpg,"3047339_1.jpg,3047339_2.jpg,3047339_3.jpg","3047339_1.jpg,3047339_2.jpg,3047339_3.jpg",94004,60068,48470,Pny,Vcggtx9604Xpb,S - SE - CO - NE,,0,,586,Placa de Vídeo Pny,,0,0,,Frames/3047339.htm,"Placa De Video, Pny, Gtx 960, 4Gb, Ddr5 128Bits,",12,12,00751492581743,True,True,0,0,0,,Vcggtx9604Xpb,,placa-de-video-pny-gtx-960-4gb-ddr5-128bits,,,
A,Placa de Vídeo,4536394,4536394,Placa De Video Pny Quadro K620 2Gb Ddr3 128Bits,,<!--PREC-->,,,False,,0,False,1.12,,,0,0,0,,,False,True,4536394_1.jpg,"4536394_1.jpg,4536394_2.jpg","4536394_1.jpg,4536394_2.jpg",94004,,48470,Pny,VCQK620-PORPB,,,0,,586,Placa de Vídeo Pny,,0,0,,Frames/4536394.htm,"Placa De video, Pny, Quadro k620, 2gb, ddr3, 128bits,",12,12,00751492576114,True,True,0,0,0,,VCQK620-PORPB,,placa-de-video-pny-quadro-k620-2gb-ddr3-128bits,,,
A,Placa de Vídeo,4914071,4914071,Placa De Video Power Color R9 390 16Gb Ddr5 512Bitsx2,,<!--PREC-->,,,False,,0,False,1.12,,,0,0,0,,,False,True,4914071_1.jpg,"4914071_1.jpg,4914071_2.jpg,4914071_3.jpg,4914071_4.jpg,4914071_5.jpg","4914071_1.jpg,4914071_2.jpg,4914071_3.jpg,4914071_4.jpg,4914071_5.jpg",94004,,48470,Power Color,Axr9390Ii16Gbd5,,,0,,586,Placa de Vídeo Power Color,,0,0,,Frames/4914071.htm,"Placa De Video, Power Color, R9 390, 16Gb, Ddr5, 512Bitsx2,",12,12,04715409186762,True,True,0,0,0,,Axr9390Ii16Gbd5,,placa-de-video-power-color-r9-390-16gb-ddr5-512bitsx2,,,
A,Placa de Vídeo,5277771,5277771,Placa De Vídeo Zotac 2Gb Gt 740 128Bits Ddr3,"0,02",<!--PREC-->,<!--AGIS-->,,False,2,0,True,1.12,403.86,452.3232,440.9,0,0,,,False,True,5277771_1.jpg,"5277771_1.jpg,5277771_2.jpg,5277771_3.jpg","5277771_1.jpg,5277771_2.jpg,5277771_3.jpg",94004,60067,48470,Zotac,Zt-71006-10L,S - SE - CO - NE,,0,,583,,,0,0,,Frames/5277771.htm,,12,12,04895173604515,True,True,0,0,0,,Zt-71006-10L,,placa-de-video-zotac-2gb-gt-740-128bits-ddr3-37145633,,,
A,Placa de Vídeo,4679433,4679433,Placa De Vídeo Zotac Gforce Gt740 1Gb 128Bits Ddr5 Zt-71003-10L,"0,02",<!--PREC-->,<!--ALL NATIONS-->,,False,10,0,True,1.12,521.3737,583.938544,557.87,0,0,,,False,True,4679433_1.jpg,"4679433_1.jpg,4679433_2.jpg,4679433_3.jpg,4679433_4.jpg","4679433_1.jpg,4679433_2.jpg,4679433_3.jpg,4679433_4.jpg",94004,60070,48470,Zotac,Zt-71003-10L,S - SE - CO - NE,,0,,586,"Placa de Vídeo Zotac,",,0,0,,Frames/4679433.htm,,12,12,04895173604478,True,True,0,0,0,,Zt-71003-10L,,placa-de-video-zotac-gforce-gt740-1gb-128bits-ddr5-zt-71003-10l,,,
A,Placa de Vídeo,5070331,5070331,Placa De Video Zotac Gt 730 2Gb Ddr3 64Bits,"0,02",<!--PREC-->,<!--AGIS-->,,False,18,0,True,1.08,295.62,319.2696,316.31,0,0,,,False,False,5070331_1.jpg,"5070331_1.jpg,5070331_2.jpg","5070331_1.jpg,5070331_2.jpg",94004,60067,48470,Zotac,Zt-71105-10Bb,S - SE - CO - NE,,0,,586,Placa de Vídeo Zotac,,0,0,,Frames/5070331.htm,"Placa De Video, Zotac, Gt 730, 2Gb, Ddr3, 64Bits, Zt-71105-10Bb,",12,12,04895173605246,True,True,0,0,0,,Zt-71105-10Bb,,placa-de-video-zotac-gt-730-2gb-ddr3-64bits,,,
A,Placa de Vídeo,5070302,5070302,Placa De Video Zotac Gtx 950 Oc 2Gb Ddr5 128Bits,"0,02",<!--PREC-->,<!--ALL NATIONS-->,,False,10,0,True,1.07,764.7745,818.308715,818.3,0,0,,,False,False,5070302_1.jpg,"5070302_1.jpg,5070302_2.jpg,5070302_3.jpg","5070302_1.jpg,5070302_2.jpg,5070302_3.jpg",94004,60070,48470,Zotac,Zt-90602-10M,S - SE - CO - NE,,0,,586,Placa de Vídeo Zotac,,0,0,,Frames/5070302.htm,"Placa De Video, Zotac, Gtx 950 Oc, 2Gb, Ddr5, 128Bits, Zt-90602-10M,",12,12,04895173607707,True,True,0,0,0,,Zt-90602-10M,,placa-de-video-zotac-gtx-950-oc-2gb-ddr5-128bits,,,
A,Placa de Vídeo,5070325,5070325,Placa De Video Zotac Gtx 960 4Gb Ddr5 128Bits,"0,02",<!--PREC-->,<!--ALL NATIONS-->,,False,10,0,True,1.07,1058.2585,1132.336595,1135.82,0,0,,,False,False,5070325_1.jpg,"5070325_1.jpg,5070325_2.jpg,5070325_3.jpg","5070325_1.jpg,5070325_2.jpg,5070325_3.jpg",94004,60070,48470,Zotac,Zt-90308-10M,S - SE - CO - NE,,0,,586,Placa de Vídeo Zotac,,0,0,,Frames/5070325.htm,"Placa De Video, Zotac, Gtx 960, 4Gb, Ddr5, 128Bits, Zt-90308-10M,",12,12,04895173606380,True,True,0,0,0,,Zt-90308-10M,,placa-de-video-zotac-gtx-960-4gb-ddr5-128bits,,,
A,Placa Mãe,4914108,4914108,Placa Mãe Asus Am3+ M5A78L-M Lx/Br Ddr3 90-Mibfw2-G0Xck1Sz,,<!--PREC-->,,,False,,0,False,1.12,,,0,0,0,,,False,True,4914108_1.jpg,"4914108_1.jpg,4914108_2.jpg,4914108_3.jpg","4914108_1.jpg,4914108_2.jpg,4914108_3.jpg",94004,,48470,Asus,M5A78L-MLXBR,,,0,,587,Placa Mãe Asus,,0,0,,Frames/4914108.htm,,12,12,07898934204426,True,True,0,0,0,,M5A78L-MLXBR,,placa-mae-asus-am3-m5a78l-m-lx-br-ddr3-90-mibfw2-g0xck1sz,,,
A,Placa Mãe,5280509,5280509,Placa Mãe Asus Lga1150 AM1M-A/Br Ddr3 Am1,"0,02",<!--PREC-->,<!--AGIS-->,,False,84,0,True,1.12,227.39,254.6768,243.31,0,0,,,False,True,5280509_1.jpg,"5280509_1.jpg,5280509_2.jpg,5280509_3.jpg,5280509_4.jpg","5280509_1.jpg,5280509_2.jpg,5280509_3.jpg,5280509_4.jpg",94004,60067,48470,Asus,AM1M-A/Br,S - SE - CO - NE,,0,,587,,,0,0,,Frames/5280509.htm,,12,12,04716659766001,True,True,0,0,0,,AM1M-A/Br,,placa-mae-asus-lga1150-am1m-a-br-ddr3-am1-91279238,,,
A,Placa Mãe,4664882,4664882,Placa Mãe Asus Lga1150 B85M-E/Br Ddr3 90Mb0H10-C1Bay0,"0,02",<!--PREC-->,<!--AGIS-->,,False,68,0,True,1.07,445.85,477.0595,477.06,0,0,,,False,True,4664882_pr.jpg,"4664882_det.jpg,4664882_det2.jpg,4664882_det3.jpg","4664882_amp.jpg,4664882_amp2.jpg,4664882_amp3.jpg",94004,60067,48470,Asus,90Mb0H10-C1Bay0,S - SE - CO - NE,,0,,587,Placa Mãe Asus,,0,0,,Frames/4664882.htm,,12,12,04716659629900,True,True,0,0,0,,B85M-E/Br,,placa-mae-asus-lga1150-b85m-e-br-ddr3-90mb0h10-c1bay0,,,
A,Placa Mãe,4914111,4914111,Placa Mãe Asus Lga1150 H81M-A/Br Ddr3 Ultra Hd 90Mb0Hm0-C1Bay0,"0,02",<!--PREC-->,<!--AGIS-->,,False,195,3,True,1.12,341.25,382.2,365.14,0,0,,,False,True,4914111_1.jpg,"4914111_1.jpg,4914111_2.jpg,4914111_3.jpg","4914111_1.jpg,4914111_2.jpg,4914111_3.jpg",94004,60067,48470,Asus,H81M-A/BR,S - SE - CO - NE,,0,,587,Placa Mãe Asus,,0,0,,Frames/4914111.htm,,12,12,04716659593911,True,True,0,0,0,,90MB0HM0-C1BAY0,,placa-mae-asus-lga1150-h81m-a-br-ddr3-ultra-hd-90mb0hm0-c1bay0,,,
A,Placa Mãe,4449867,4449867,Placa Mãe Asus Lga1150 H97-Pro Gamer,,<!--PREC-->,,,False,,0,False,1.12,,,0,0,0,,,False,True,4449867_1.jpg,"4449867_1.jpg,4449867_2.jpg,4449867_3.jpg,4449867_4.jpg","4449867_1.jpg,4449867_2.jpg,4449867_3.jpg,4449867_4.jpg",94004,,48470,Asus,H97-ProGamer,,,0,,587,Placa Mãe Asus,,0,0,,Frames/4449867.htm,"Placa Mãe, Lga, 1150, Asus, H97-Pro Gamer,",12,12,04716659824152,True,True,0,0,0,,H97-ProGamer,,placa-mae-asus-lga1150-h97-pro-gamer,,,
A,Placa Mãe,4705681,4705681,Placa Mãe Asus Lga1150 Intel Z97 Ddr3 Hdmi/Dsub/Dvi-D Z97M-Plus/Br,,<!--PREC-->,,,False,,0,False,1.12,,,0,0,0,,,False,True,4705681_pr.jpg,"4705681_det.jpg,4705681_det2.jpg,4705681_det3.jpg","4705681_amp.jpg,4705681_amp2.jpg,4705681_amp3.jpg",94004,,48470,Asus,Z97M-Plus/Br,,,0,,587,Placa Mãe Asus,,0,0,,Frames/4705681.htm,,12,12,04716659773665,True,True,0,0,0,,Z97M-Plus,Placa Mãe Lga 1150 Asus Intel Z97M-Plus Ddr3,placa-mae-asus-lga1150-intel-z97-ddr3-hdmi-dsub-dvi-d-z97m-plus-br,,"Soquete Intel Z97, tecnologia exclusiva ASUS TurboV EVO. Possuem também ASUS Fan Xpert 3 e Interactive HomeCloud, FRETE GRÁTIS!!",
A,Processador,4462656,4462656,Processador Amd Fm2 A10 7700K 3.8Ghz 4Mb Ad770Kxbjabox,,<!--PREC-->,,,False,,0,False,1.12,,,0,0,0,,,False,True,4462656_1.jpg,4462656_1.jpg,4462656_1.jpg,94004,,48470,Amd,Ad770Kxbjabox,,,0,,588,Processador Amd,,0,0,,Frames/4462656.htm,"Processador Amd, Fm2, A10, 7700K, 3.8G, 4Mb, Ad770Kxbjabox,",12,12,00730143304498,True,True,0,0,0,,Ad770Kxbjabox,,processador-amd-fm2-a10-7700k-3-8ghz-4mb-ad770kxbjabox,,,
A,Processador,4462657,4462657,Processador Amd Fm2 A10 7850K 4Ghz 4Mb Ad785Kxbjabox,,<!--PREC-->,,,False,,2,False,1.07,,,0,0,0,,,False,True,4462657_1.jpg,"4462657_1.jpg,4462657_2.jpg,4462657_3.jpg","4462657_1.jpg,4462657_2.jpg,4462657_3.jpg",94004,,48470,Amd,Ad785Kxbjabox,,,0,,588,Processador Amd,,0,0,,Frames/4462657.htm,"processador,processador amd,processador fm2,processador a10,processador 7850K,processador 4G,processador 4Mb,processador Ad785Kxbjabox",12,12,00730143304467,True,True,0,0,0,,Ad785Kxbjabox,,processador-amd-fm2-a10-7850k-4ghz-4mb-ad785kxbjabox,,,
A,Processador,4462658,4462658,Processador Amd Fx 4300 3.8G 8Mb Fd4300Wmhkbox,"0,02",<!--PREC-->,<!--HOUTER-->,,False,9,0,True,1.07,448.64,480.0448,496.64,0,0,,,False,True,4462658_1.jpg,4462658_1.jpg,4462658_1.jpg,94004,60067,48470,Amd,Fd4300Wmhkbox,S - SE - CO - NE,,0,,588,Processador Amd,,0,0,,Frames/4462658.htm,"processador amd,amd fx,processador amd fx",12,12,00730143302647,True,True,0,0,0,,Fd4300Wmhkbox,Amd Fx 4300 3.8G 8Mb Fd4300Wmhkbox,processador-amd-fx-4300-3-8g-8mb-fd4300wmhkbox,,"Tecnologia AMD Turbo Core, Velocidade DDR3: 1866MHZ, Potência: 95 W, Black Edition, Socket AM3+, FRETE GRÁTIS!!",
A,Processador,4830360,4830360,Processador Amd Fx-8320E 3.2Ghz 16Mb Am3+ 64Bits Fd832Ewmhkbox,"0,02",<!--PREC-->,<!--MAZER-->,,False,64,0,True,1.07,648.79,694.2053,703.29,0,0,,,False,True,4830360_pr.jpg,"4830360_det.jpg,4830360_det2.jpg,4830360_det3.jpg","4830360_amp.jpg,4830360_amp2.jpg,4830360_amp3.jpg",94004,60070,48470,Amd,FD832EWMHKBOX,S - SE - CO - NE,,0,,588,Processador Amd,,0,0,,Frames/4830360.htm,,12,12,00730143305297,True,True,0,0,0,,FD832EWMHKBOX,,processador-amd-fx-8320e-3-2ghz-16mb-am3-64bits-fd832ewmhkbox,,,
A,Processador,4439797,4439797,Processador Hp Xeon 6x E5-2620V3 2.4Ghz 15Mb Dl360,"0,02",<!--PREC-->,<!--ALCATEIA-->,,False,4,0,True,1.12,3883.44,4349.4528,0,0,0,,,False,True,4439797_1.jpg,"4439797_1.jpg,4439797_2.jpg","4439797_1.jpg,4439797_2.jpg",94004,60067,48470,Hp,755382-B21,S - SE - CO - NE,,0,,588,Monitor Samsung,,0,0,,Frames/4439797.htm,,12,12,00888182377772,True,True,0,0,0,,755382-B21,,processador-hp-xeon-six-core-e5-2620v3-2-4ghz-15mb,,,
A,Processador,5163281,5163281,Processador Hp Xeon 6x E5-2620V3 2.4Ghz 15Mb Ml350,"0,02",<!--PREC-->,<!--INGRAM-->,,False,2,0,True,1.12,3517.54,3939.6448,0,0,0,,,False,True,5163281_1.jpg,"5163281_1.jpg,5163281_2.jpg","5163281_1.jpg,5163281_2.jpg",94004,60067,48470,Hp,726658-B21,S - SE - CO - NE,,0,,588,"Processador Hp,",,0,0,,Frames/5163281.htm,,12,12,00887758372678,True,True,0,0,0,,726658-B21,,processador-hp-xeon-six-core-e5-2620v3-2-4ghz-15mb,,,
A,Processador,4418127,4418127,Processador Ibm Intel Xeon E5-2640V2 Octa-Core 2.0Ghz 20Mb P/ 7915Equ,,<!--PREC-->,,,False,,0,False,1.12,,,0,0,0,,,False,True,4418125_pr.jpg,4418125_det.jpg,4418125_amp.jpg,94004,,48470,Ibm,46W4367,,,0,,588,Processador Ibm,,0,0,,Frames/4418127.htm,,12,12,00883436358088,True,True,0,0,0,,46W4367,,processador-ibm-intel-xeon-e5-2640v2-octa-core-2-0ghz-20mb-p-7915equ,,,
A,Processador,5280355,5280355,Processador Intel Core i5 4690K 3.50Ghz 6Mb Lga1150,"0,02",<!--PREC-->,<!--MAZER-->,,False,22,0,True,1.12,1258.83,1409.8896,1346.95,0,0,,,False,True,5280355_1.jpg,"5280355_1.jpg,5280355_2.jpg","5280355_1.jpg,5280355_2.jpg",94004,60070,48470,Intel,Bx80646I54690k,S - SE - CO - NE,,0,,588,,,0,0,,Frames/5280355.htm,,12,12,05032037066013,True,True,0,0,0,,Bx80646I54690k,,processador-intel-core-i5-4690k-3-50ghz-6mb-lga1150,,,
A,Processador,4545449,4545449,Processador Intel Core I5-4440 3.1Ghz 6Mb Fclga1150 Bx80646I54440,"0,02",<!--PREC-->,<!--AGIS-->,,False,169,2,True,1.07,915,979.05,979.05,0,0,,,False,True,4545449_pr.jpg,4545449_det.jpg,4545449_amp.jpg,94004,60067,48470,Intel,Bx80646I54440,S - SE - CO - NE,,0,,588,Processador Intel,,0,0,,Frames/4545449.htm,,12,12,05032037054980,True,True,0,0,0,,Bx80646I54440,,processador-intel-core-i5-4440-3-1ghz-6mb-fclga1150-bx80646i54440,,,
A,Processador,4716164,4716164,Processador Intel Core I5-4690 3.5Ghz 6Mb Lga1150 Bx80646I54690,"0,02",<!--PREC-->,<!--MAZER-->,,False,22,2,True,1.07,1173.43,1255.5701,1290.93,0,0,,,False,True,4716164_pr.jpg,4716164_det.jpg,4716164_amp.jpg,94004,60070,48470,Intel,Bx80646I54690,S - SE - CO - NE,,0,,588,Processador Intel,,0,0,,Frames/4716164.htm,,12,12,05032037061193,True,True,0,0,0,,Bx80646I54690,,processador-intel-core-i5-4690-3-5ghz-6mb-lga1150-bx80646i54690,,,
A,Processador,5298120,5298120,Processador Intel Core i5-6400 2.70Ghz 6Mb Lga1151,,<!--PREC-->,,,False,,0,False,1.12,,,1099.73,0,0,,,False,True,5298120_1.jpg,5298120_1.jpg,5298120_1.jpg,94004,,48470,Intel,BX80662I56400,,,0,,588,,,0,0,,Frames/5298120.htm,,12,12,05032037076616,True,True,0,0,0,,Core I5-6400 Skylake,Processador Intel Core i5-6400 Skylake 2.70Ghz,processador-intel-core-i5-6400-2-70ghz-6mb-lga1151-83669680,,,
A,Processador,4705701,4705701,Processador Intel Core I7 4790 3.6Ghz 8Mb Lga 1150 Bx80646I74790,"0,02",<!--PREC-->,<!--MAZER-->,,False,15,2,True,1.07,1623.3,1736.931,1676.87,0,0,,,False,True,4705701_1.jpg,4705701_1.jpg,4705701_1.jpg,94004,60070,48470,Intel,Bx80646I74790,S - SE - CO - NE,,0,,588,Processador Intel,,0,0,,Frames/4705701.htm,,12,12,05032037061551,True,True,0,0,0,,Bx80646I74790,,processador-intel-core-i7-4790-3-6ghz-8mb-lga-1150-bx80646i74790,,,
A,Processador,4664914,4664914,Processador Intel Core I7 4790K 4.4Ghz 8Mb Fclga1150 Bx80646I74790K,"0,02",<!--PREC-->,<!--MAZER-->,,False,10,0,True,1.07,1813.78,1940.7446,1957.28,0,0,,,False,True,4664914_pr.jpg,4664914_det.jpg,4664914_amp.jpg,94004,60070,48470,Intel,Bx80646I74790K,S - SE - CO - NE,,0,,588,Processador Intel,,0,0,,Frames/4664914.htm,,12,12,05032037065948,True,True,0,0,0,,Bx80646I74790K,,processador-intel-core-i7-4790k-4-4ghz-8mb-fclga1150-bx80646i74790k,,,
A,Processador,4914119,4914119,Processador Intel Pentium G3250 3.2Ghz 3Mb Fclga1150 Bx80646G3250,,<!--PREC-->,,,False,,11,False,1.12,,,0,0,0,,,False,True,4914119_1.jpg,"4914119_1.JPG,4914119_2.JPG","4914119_1.JPG,4914119_2.JPG",94004,,48470,Intel,BX80646G3250,,,0,,588,Processador Intel,,0,0,,Frames/4914119.htm,,12,12,05032037067164,True,True,0,0,0,,BX80646G3250,,processador-intel-pentium-g3250-3-2ghz-3mb-fclga1150-bx80646g3250,,,
A,Processador,4907066,4907066,Processador Intel Xeon E5-2603V3 1.6Ghz 15Mb Fclga2011 733929-B21,,<!--PREC-->,,,False,,0,False,1.12,,,0,0,0,,,False,True,4907066_pr.jpg,4907066_det.jpg,4907066_amp.jpg,94004,,48470,Hp,733929-B21,,,0,,588,Processador Hp,,0,0,,Frames/4907066.htm,,12,12,00887758630006,True,True,0,0,0,,733929-B21,,processador-intel-xeon-e5-2603v3-1-6ghz-15mb-fclga2011-733929-b21,,,
A,Processador,5161142,5161142,Processador Lenovo Xeon Six Core E5-2620V2 2.1Ghz 15 Mb Para X3550 M4,,<!--PREC-->,,,False,,0,False,1.12,,,0,0,0,,,False,True,5161142_1.JPG,"5161142_1.jpg,5161142_2.jpg","5161142_1.jpg,5161142_2.jpg",94004,,48470,Lenovo,46W2837,,,0,,588,"Processador Lenovo,",,0,0,,Frames/5161142.htm,,12,12,00883436351140,True,True,0,0,0,46W2837*,46W2837,,processador-lenovo-xeon-six-core-e5-2620v2-2-1ghz-15-mb-para-x3550-m4,,,
A,Projetor Multimídia,4789152,4789152,Projetor Benq Ms524B 3200 Lumens,"0,02",<!--PREC-->,<!--MAZER-->,,False,14,0,True,1.07,1979.31,2117.8617,2135.06,0,0,,,False,True,4789152_pr.jpg,"4789152_det.jpg,4789152_det2.jpg,4789152_det3.jpg,4789152_det4.jpg","4789152_amp.jpg,4789152_amp2.jpg,4789152_amp3.jpg,4789152_amp4.jpg",94004,60070,48470,Benq,Ms524B,S - SE - CO - NE,,0,,589,Projetor Multimídia Benq,,0,0,,Frames/4789152.htm,"projetor,projetor multimídia,projetor benq,projetor 3200 lumens,projetor Ms524B,benq,benq 3200 lumens,benq Ms524B",12,12,04718755054938,True,True,0,0,0,,Ms524B,,projetor-benq-ms524b-3200-lumens,,,
A,Projetor Multimídia,4545450,4545450,Projetor Benq Ms619St 3000 Lumens,"0,02",<!--PREC-->,<!--NETWORK1-->,,False,15,0,True,1.07,2447.9,2619.253,2619.25,0,0,,,False,True,4545450_pr.jpg,"4545450_det.jpg,4545450_det2.jpg,4545450_det3.jpg","4545450_amp.jpg,4545450_amp2.jpg,4545450_amp3.jpg",94004,60071,48470,Benq,Ms619St,S - SE - CO - NE,,0,,589,Projetor Multimídia Benq,,0,0,,Frames/4545450.htm,,12,12,00840046028572,True,True,0,0,0,,Ms619St,,projetor-benq-ms619st-3000-lumens,,,
A,Projetor Multimídia,4997975,4997975,Projetor Benq Mw853Ust 3200 Lumens Wxga,,<!--PREC-->,,,False,,0,False,1.12,,,7155.71,0,0,,,False,True,4997975_1.jpg,"4997975_1.jpg,4997975_2.jpg,4997975_3.jpg","4997975_1.jpg,4997975_2.jpg,4997975_3.jpg",94004,,48470,Benq,MW853UST,,,0,,589,Projetor Multimídia Benq,,0,0,,Frames/4997975.htm,,12,12,,True,True,0,0,0,,MW853UST,,projetor-benq-mw853ust-3200-lumens-wxga,,,
A,Projetor Multimídia,4789181,4789181,Projetor Benq Mx525B 3200 Lumens,"0,02",<!--PREC-->,<!--NETWORK1-->,,False,14,0,True,1.07,2304.9,2466.243,2613.42,0,0,,,False,True,4789181_pr.jpg,"4789181_det.jpg,4789181_det2.jpg,4789181_det3.jpg","4789181_amp.jpg,4789181_amp2.jpg,4789181_amp3.jpg",94004,60071,48470,Benq,Mx525b,S - SE - CO - NE,,0,,589,Projetor Multimídia Benq,,0,0,,Frames/4789181.htm,"projetor,projetor benq,projetor 3200 lumens,projetor Mx525B,benq 3200 lumens,benq mx525B",12,12,04718755054921,True,True,0,0,0,,Mx525b,,projetor-benq-mx525b-3200-lumens,,,
A,Projetor Multimídia,4677222,4677222,Projetor Benq Mx620St 3000 Lumens Hdmi Full Hd/3D Bivolt,,<!--PREC-->,,,False,,0,False,1.12,,,0,0,0,,,False,True,4677222_pr.jpg,"4677222_det.jpg,4677222_det2.jpg,4677222_det3.jpg","4677222_amp.jpg,4677222_amp2.jpg,4677222_amp3.jpg",94004,,48470,Benq,Mx620St,,,0,,589,Projetor Multimídia Benq,,0,0,,Frames/4677222.htm,,12,12,00840046028589,True,True,0,0,0,,Mx620St,Projetor Benq Mx620St 3000 Lumens Full Hd/3D,projetor-benq-mx620st-3000-lumens-hdmi-full-hd-3d-bivolt,,,
A,Projetor Multimídia,4677226,4677226,Projetor Benq Mx666 3500 Lumens Hdmi Full Hd Bivolt,,<!--PREC-->,,,False,,0,False,1.12,,,0,0,0,,,False,True,4677226_pr.jpg,"4677226_det.jpg,4677226_det2.jpg,4677226_det3.jpg","4677226_amp.jpg,4677226_amp2.jpg,4677226_amp3.jpg",94004,,48470,Benq,Mx666,,,0,,589,Projetor Multimídia Benq,,0,0,,Frames/4677226.htm,,12,12,04718760000000,True,True,0,0,0,,Mx666,,projetor-benq-mx666-3500-lumens-hdmi-full-hd-bivolt,,,
A,Projetor Multimídia,4528232,4528232,Projetor Benq Mx819St 3000 Lumens,"0,02",<!--PREC-->,<!--ALL NATIONS-->,,False,10,0,True,1.12,3353.0059,3755.366608,3587.72,0,0,,,False,True,4528232_pr.jpg,"4528232_det.jpg,4528232_det2.jpg,4528232_det3.jpg","4528232_amp.jpg,4528232_amp2.jpg,4528232_amp3.jpg",94004,60068,48470,Benq,Mx819St,S - SE - CO - NE,,0,,589,Projetor Multimídia Benq,,0,0,,Frames/4528232.htm,,12,12,04718755044120,True,True,0,0,0,,Mx819St,,projetor-benq-mx819st-3000-lumens,,,
A,Projetor Multimídia,4462673,4462673,Projetor Benq Mx822St 3500 Lumens,"0,02",<!--PREC-->,<!--ALL NATIONS-->,,False,10,0,True,1.07,5465.4136,5847.992552,5260.76,0,0,,,False,True,4462673_pr.jpg,"4462673_det.jpg,4462673_det2.jpg,4462673_det3.jpg","4462673_amp.jpg,4462673_amp2.jpg,4462673_amp3.jpg",94004,60068,48470,Benq,Mx822St,S - SE - CO - NE,,0,,589,Projetor Multimídia Benq,,0,0,,Frames/4462673.htm,"Projetor,Projetor Multimídia,Benq,Mx822St,3500 Lumens,",12,12,04718755040474,True,True,0,0,0,,Mx822St,,projetor-benq-mx822st-3500-lumens,,,
A,Projetor Multimídia,4677233,4677233,Projetor Benq W1080St 2000 Lumens Hdmi Full Hd/3D Bivolt,,<!--PREC-->,,,False,,0,False,1.12,,,6862.67,0,0,,,False,True,4677233_pr.jpg,"4677233_det.jpg,4677233_det2.jpg,4677233_det3.jpg","4677233_amp.jpg,4677233_amp2.jpg,4677233_amp3.jpg",94004,,48470,Benq,W1080St,,,0,,589,Projetor Multimídia Benq,,0,0,,Frames/4677233.htm,,12,12,04718755045363,True,True,0,0,0,,W1080St,,projetor-benq-w1080st-2000-lumens-hdmi-full-hd-3d-bivolt,,,
A,Projetor Multimídia,4789205,4789205,Projetor Epson S17 2700 Lumens Powerlite Hdmi/Svga V11H568120,,<!--PREC-->,,,False,,0,False,1.12,,,0,0,0,,,False,True,4789205_pr.jpg,"4789205_det.jpg,4789205_det2.jpg,4789205_det3.jpg,4789205_det4.jpg,4789205_det5.jpg","4789205_amp.jpg,4789205_amp2.jpg,4789205_amp3.jpg,4789205_amp4.jpg,4789205_amp5.jpg",94004,,48470,Epson,V11H568120,,,0,,589,"Projetor Epson,Projetor",,0,0,,Frames/4789205.htm,,12,12,00010343917385,True,True,0,0,0,,V11H568120,,projetor-epson-s17-2700-lumens-powerlite-hdmi-svga-v11h568120,,,
A,Projetor Multimídia,4830389,4830389,Projetor Epson S18+ 3000 Lumens V11H552024,"0,02",<!--PREC-->,<!--OFFICER-->,,False,71,0,True,1.07,2265.79,2424.3953,2556.06,0,0,,,False,True,4830389_1.jpg,"4830389_1.jpg,4830389_2.jpg","4830389_1.jpg,4830389_2.jpg",94004,60067,48470,Epson,V11H552024,S - SE - CO - NE,,0,,589,Projetor Multimídia Epson,,0,0,,Frames/4830389.htm,"projetor,projetores,data show,datashow,projetor benq,projetor multimidia,projetor full hd,projetor led",12,12,00010343920163,True,True,0,0,0,,V11H552024,Projetor Epson S18+ 3000 Lumens V11H552024,projetor-epson-s18-3000-lumens-v11h552024,,"Ciclo de vida da lâmpada no modo econômico: 6000 Horas, Energia da lâmpada: 200 W, LAN sem fios, Sinal de vídeo padrão: EDTV, FRETE GRÁTIS!!",
A,Projetor Multimídia,4830390,4830390,Projetor Epson W28+ 3000 Lumens Bivolt V11H654021,"0,02",<!--PREC-->,<!--ALL NATIONS-->,,False,10,0,True,1.07,3363.2068,3598.631276,3809.84,0,0,,,False,True,4830390_pr.jpg,"4830390_det.jpg,4830390_det2.jpg,4830390_det3.jpg","4830390_amp.jpg,4830390_amp2.jpg,4830390_amp3.jpg",94004,60071,48470,Epson,V11H654021,S - SE - CO - NE,,0,,589,Projetor Multimídia Epson,,0,0,,Frames/4830390.htm,"projetor,projetor epson,projetor w18+,projetor 3000 lumens,projetor bivolt,projetor V11H654021,epson w18,epson 3000 lumens,epson bivolt",12,12,00010343915985,True,True,0,0,0,,V11H654021,,projetor-epson-w28-3000-lumens-bivolt-v11h654021,,,
A,Projetor Multimídia,4911841,4911841,Projetor Epson X24+ 3500 Lumens (Nacional) V11H553024,"0,02",<!--PREC-->,<!--AGIS-->,,False,5,0,True,1.07,3057.56,3271.5892,3350.18,0,0,,,False,True,4911841_1.jpg,"4911841_1.jpg,4911841_2.jpg,4911841_3.jpg,4911841_4.jpg","4911841_1.jpg,4911841_2.jpg,4911841_3.jpg,4911841_4.jpg",94004,60071,48470,Epson,V11H553024,S - SE - CO - NE,,0,,589,"Projetor Multimídia,",,0,0,,Frames/4911841.htm,,12,12,00010343920170,True,True,0,0,0,,V11H553024,,projetor-epson-x24-3500-lumens-nacional-v11h553024,,,
A,Roteador,4713786,4713786,Roteador Cisco 2911 Ehwic 3 Portas Cisco2911Br/K9=,,<!--PREC-->,,,False,,0,False,1.12,,,0,0,0,,,False,True,4713786_pr.jpg,4713786_det.jpg,4713786_amp.jpg,94004,,48470,Cisco,Cisco2911Br/K9=,,,0,,590,"Roteador Cisco,Roteador",,0,0,,Frames/4713786.htm,,12,12,00882658672958,True,True,0,0,0,,Cisco2911Br/K9=,,roteador-cisco-2911-ehwic-3-portas-cisco2911br-k9-,,,
A,Roteador,4713784,4713784,Roteador D-Link DIR-506L Cloud Shareport Go,,<!--PREC-->,,,False,,0,False,1.12,,,230.79,0,0,,,False,True,4713784_1.jpg,"4713784_1.jpg,4713784_2.jpg,4713784_3.jpg","4713784_1.jpg,4713784_2.jpg,4713784_3.jpg",94004,,48470,D-Link,DIR-506L,,,0,,590,"Roteador D-Link,",,0,0,,Frames/4713784.htm,,12,12,07898946991888,True,True,0,0,0,,Dir-506L,,roteador-d-link-dir-506l-cloud-shareport-go,,,
A,Roteador,5159212,5159212,Roteador Link One 1200 Mbps L1-Rw1234Ac Dual Band,"0,02",<!--PREC-->,<!--ALL NATIONS-->,,False,10,0,True,1.07,392.2585,419.716595,464.15,0,0,,,False,True,5159212_1.jpg,"5159212_1.jpg,5159212_2.jpg,5159212_3.jpg","5159212_1.jpg,5159212_2.jpg,5159212_3.jpg",94004,60068,48470,Link One,L1-RW1234AC,S - SE - CO - NE,,0,,590,,,0,0,,Frames/5159212.htm,,12,12,07893007683191,True,True,0,0,0,,L1-RW1234AC,,roteador-link-one-1200-mbps-l1-rw1234ac-dual-band,,,
A,Roteador,5159253,5159253,Roteador Link One 300 Mbps L1-RWH342D High Power,,<!--PREC-->,,,False,,0,False,1.07,,,213.84,0,0,,,False,True,5159253_1.jpg,"5159253_1.jpg,5159253_2.jpg,5159253_3.jpg","5159253_1.jpg,5159253_2.jpg,5159253_3.jpg",94004,,48470,Link One,L1-RWH342D,,,0,,590,"Roteador,",,0,0,,Frames/5159253.htm,,12,12,07893007683030,True,True,0,0,0,,L1-RWH342D,,roteador-link-one-300-mbps-l1-rwh342d-high-power,,,
A,Roteador,4914120,4914120,Roteador Tp-Link AC750 Dual Band 433Mbps Archer C20i,"0,02",<!--PREC-->,<!--AGIS-->,,False,12,12,True,1.12,306.15,342.888,327.58,0,0,,,False,True,4914120_1.jpg,"4914120_1.jpg,4914120_2.jpg,4914120_3.jpg,4914120_4.jpg","4914120_1.jpg,4914120_2.jpg,4914120_3.jpg,4914120_4.jpg",94004,60071,48470,Tp-Link,ArcherC20i,S - SE - CO - NE,,0,,590,"Roteador Tp-Link,Roteador",,0,0,,Frames/4914120.htm,,12,12,06935364071394,True,True,0,0,0,,Archer C20i,,roteador-tp-link-ac750-dual-band-433mbps-archer-c20i,,,
A,Roteador,4713777,4713777,Roteador Tp-Link N600 300 MBPS 2.4 Ghz 300 Mbps 5 Ghz Banda Dupla,"0,02",<!--PREC-->,<!--INGRAM-->,,False,2,0,True,1.12,354.2,396.704,378.99,0,0,,,False,True,4713777_1.jpg,"4713777_1.jpg,4713777_2.jpg,4713777_3.jpg","4713777_1.jpg,4713777_2.jpg,4713777_3.jpg",94004,60071,48470,Tp-Link,TL-WDR3500,S - SE - CO - NE,,0,,590,"Roteador Tp-Link,Roteador",,0,0,,Frames/4713777.htm,,12,12,00722868817865,True,True,0,0,0,,TL-WDR3500,,roteador-tp-link-n600-300-mbps-2-4-ghz-300-mbps-5-ghz-banda-dupla,,,
A,Roteador,4705712,4705712,Roteador TP-Link TL-WR940N 4 portas Wireless N 300Mbps,"0,02",<!--PREC-->,<!--AGIS-->,,False,42,0,True,1.12,219.43,245.7616,234.79,0,0,,,False,True,4705712_1.jpg,"4705712_1.jpg,4705712_2.jpg,4705712_3.jpg","4705712_1.jpg,4705712_2.jpg,4705712_3.jpg",94004,60071,48470,Tp-Link,TL-WR940N,S - SE - CO - NE,,0,,590,"Roteador TP-Link,Roteador",,0,0,,Frames/4705712.htm,,12,12,06935364071073,True,True,0,0,0,,TL-WR940N,,roteador-tp-link-tl-wr940n-4-portas-wireless-n-300mbps,,,
A,Roteador,4997980,4997980,Roteador Wireless D-Link Ultra Smartconnect Vermelho Dir-890L/R,"0,02",<!--PREC-->,<!--HOUTER-->,,False,2,0,True,1.07,1883.91,2015.7837,2015.78,0,0,,,False,True,4997980_1.jpg,"4997980_1.jpg,4997980_2.jpg,4997980_3.jpg","4997980_1.jpg,4997980_2.jpg,4997980_3.jpg",94004,60067,48470,D-Link,DIR-890L/R,S - SE - CO - NE,,0,,590,Roterador Wireless D-Link,,0,0,,Frames/4997980.htm,,12,12,07898594000734,True,True,0,0,0,,DIR-890L/R,,roteador-wireless-d-link-ultra-smartconnect-vermelho-dir-890l-r,,,
A,Scanner,4981081,4981081,Scanner Cisco Fs80 500Dpi Biométrico Usb,,<!--PREC-->,,,False,,0,False,1.12,,,0,0,0,,,False,True,4981081_1.jpg,"4981081_1.jpg,4981081_2.jpg","4981081_1.jpg,4981081_2.jpg",94004,,48470,Cis,1023C0FS8000000,,,0,,522,Scanner Epson,,0,0,,Frames/4981081.htm,,12,12,07898132954000,True,True,0,0,0,,1023C0FS8000000,,scanner-cisco-fs80-500dpi-biometrico-usb,,,
A,Scanner,4705728,4705728,Scanner Fujitsu Fi-7260 600Dpi A4 Workgroup Usb,,<!--PREC-->,,,False,,0,False,1.12,,,0,0,0,,,False,True,4705728_1.jpg,"4705728_1.jpg,4705728_2.jpg,4705728_3.jpg","4705728_1.jpg,4705728_2.jpg,4705728_3.jpg",94004,,48470,Fujitsu,Fi-7260,,,0,,591,Scanner Fujitsu,,0,0,,Frames/4705728.htm,,12,12,03359618711073,True,True,0,0,0,Fi-7260*,Fi-7260,,scanner-fujitsu-fi-7260-600dpi-a4-workgroup-usb,,,
A,Scanner,4901011,4901011,Scanner Fujitsu Fi-7280 600Dpi A4 Scansnap Usb,,<!--PREC-->,,,False,,0,False,1.12,,,0,0,0,,,False,True,4901011_1.jpg,"4901011_1.jpg,4901011_2.jpg,4901011_3.jpg","4901011_1.jpg,4901011_2.jpg,4901011_3.jpg",94004,,48470,Fujitsu,FI-7280,,,0,,591,Scanner Fujitsu,,0,0,,Frames/4901011.htm,,12,12,,True,True,0,0,0,FI-7280*,FI-7280,,scanner-fujitsu-fi-7280-600dpi-a4-scansnap-usb,,,
A,Scanner,4418135,4418135,Scanner Fujitsu S1300 600Dpi A4 Scansnap Usb,"0,02",<!--PREC-->,<!--NETWORK1-->,,False,3,0,True,1.07,2376.29,2542.6303,2421.41,0,0,,,True,True,4418135_pr.jpg,"4418135_det.jpg,4418135_det2.jpg,4418135_det3.jpg","4418135_amp.jpg,4418135_amp2.jpg,4418135_amp3.jpg",94004,60071,48470,Fujitsu,S1300,S - SE - CO - NE,,0,,591,Scanner Fujitsu,,0,0,,Frames/4418135.htm,"Scanner Fujitsu,Fujitsu S1300,S1300",12,12,04939761304668,True,True,0,0,0,,S1300,,scanner-fujitsu-s1300-600dpi-a4-scansnap-usb,,,
A,Scanner,5096321,5096321,Scanner Fujitsu Sp1130 600Dpi A4 30ppm,,<!--PREC-->,,,False,,0,False,1.12,,,0,0,0,,,False,True,5096321_1.jpg,"5096321_1.jpg,5096321_2.jpg,5096321_3.jpg","5096321_1.jpg,5096321_2.jpg,5096321_3.jpg",94004,,48470,Fujitsu,Sp1130,,,0,,591,,,0,0,,Frames/5096321.htm,,12,12,04939761307539,True,True,0,0,0,,Sp1130,,scanner-fujitsu-sp1130-600dpi-a4-30ppm,,,
A,Scanner,4898650,4898650,Scanner Hp 200 2400Dpi A4 Scanjet Usb L2734A,"0,02",<!--PREC-->,<!--ALL NATIONS-->,,False,10,0,True,1.07,450.0229,481.524503,481.52,0,0,,,False,True,4898650_1.jpg,"4898650_1.jpg,4898650_2.jpg,4898650_3.jpg,4898650_4.jpg","4898650_1.jpg,4898650_2.jpg,4898650_3.jpg,4898650_4.jpg",94004,60070,48470,Hp,L2734A,S - SE - CO - NE,,0,,591,Scanner Hp,,0,0,,Frames/4898650.htm,"Scanner,Scanner Hp,Scanner Scanjet,Scanner 200,Scanner 2400Dpi,Scanjet Hp,Scanjet 200,Scanjet L2734A,Hp Scanjet,Hp 200",12,12,00886112385989,True,True,0,0,0,L2734A*,L2734A#BGJ,,scanner-hp-200-2400dpi-a4-scanjet-usb-l2734a,,,
A,Scanner,5007914,5007914,Scanner Hp 5000 600Dpi A4 Scanjet Usb L2738A,,<!--PREC-->,,,False,,0,False,1.12,,,0,0,0,,,False,True,5007914_pr.jpg,"5007914_det.jpg,5007914_det2.jpg,5007914_Det3.jpg","5007914_amp.jpg,5007914_amp2.jpg,5007914_amp3.jpg",94004,,48470,Hp,L2738A,,,0,,591,Scanner Hp,,0,0,,Frames/5007914.htm,,12,12,00888182011928,True,True,0,0,0,L2738A*,L2738A#AC4,,scanner-hp-5000-600dpi-a4-scanjet-usb-l2738a,,,
A,Scanner,4418139,4418139,Scanner Hp 7500 600Dpi A4 Scanjet Usb L2725B,,<!--PREC-->,,,False,,0,False,1.12,,,0,0,0,,,False,True,4418139_pr.jpg,"4418139_det.jpg,4418139_det2.jpg,4418139_det3.jpg","4418139_amp.jpg,4418139_amp2.jpg,4418139_amp3.jpg",94004,,48470,Hp,L2725B,,,0,,591,Scanner Hp,,0,0,,Frames/4418139.htm,"Scanner Hp,Flow 7500,L2725B",12,12,00887758563014,True,True,0,0,0,L2725B*,L2725B,,scanner-hp-7500-600dpi-a4-scanjet-usb-l2725b,,,
A,Scanner,4864962,4864962,Scanner Iris Anywhere 3 1200Dpi A4 Iriscan Wifi 458129,,<!--PREC-->,,,False,,0,False,1.12,,,0,0,0,,,False,True,4864962_pr.jpg,"4864962_det.jpg,4864962_det2.jpg,4864962_det3.jpg","4864962_amp.jpg,4864962_amp2.jpg,4864962_amp3.jpg",94004,,48470,Iris,458129,,,0,,591,Scanner Iris,,0,0,,Frames/4864962.htm,,12,12,07650104581290,True,True,0,0,0,,458129,,scanner-iris-anywhere-3-1200dpi-a4-iriscan-wifi-458129,,,
A,Scanner,4864975,4864975,Scanner Iris Anywhere 5 300Dpi A6 Iriscard Portátil 457486,,<!--PREC-->,,,False,,0,False,1.12,,,0,0,0,,,False,True,4864975_pr.jpg,"4864975_det.jpg,4864975_det2.jpg,4864975_det3.jpg","4864975_amp.jpg,4864975_amp2.jpg,4864975_amp3.jpg",94004,,48470,Iris,457486,,,0,,591,"Scanner Iris,Iriscard",,0,0,,Frames/4864975.htm,"scanner,scanner iris,scanner iriscard,scanner anywhere 5,scanner a6,scanner portátil,scanner 300Dpi,iris anywhere,iris portátil",12,12,00765010725014,True,True,0,0,0,,457486,,scanner-iris-anywhere-5-300dpi-a6-iriscard-portatil-457486,,,
A,Scanner,4883219,4883219,Scanner Iris Book 3 900Dpi A4 Iriscan Portátil 457888,"0,02",<!--PREC-->,<!--SUPERKIT-->,,False,10,0,True,1.07,467.61,500.3427,517.64,0,0,,,False,True,4883219_1.jpg,"4883219_1.jpg,4883219_2.jpg,4883219_3.jpg","4883219_1.jpg,4883219_2.jpg,4883219_3.jpg",94004,60070,48470,Iris,457888,S - SE - CO - NE,,0,,591,Scanner Iris,,0,0,,Frames/4883219.htm,,12,12,07650104578887,True,True,0,0,0,,457888,,scanner-iris-book-3-900dpi-a4-iriscan-portatil-457888,,,
A,Scanner,4864972,4864972,Scanner Iris Express 3 600Dpi A4 Iriscan Portátil 457484,,<!--PREC-->,,,False,,0,False,1.12,,,0,0,0,,,False,True,4864972_1.jpg,"4864972_1.jpg,4864972_2.jpg,4864972_3.jpg","4864972_1.jpg,4864972_2.jpg,4864972_3.jpg",94004,,48470,Iris,457484,,,0,,591,Scanner Iris,,0,0,,Frames/4864972.htm,"scanner,scanner iris,scanner iriscan,scanner express 3,scanner portátil,scanner 600dpi,iris express,iriscan express,iriscan portátil",12,12,00765010724994,True,True,0,0,0,,457484,,scanner-iris-express-3-600dpi-a4-iriscan-portatil-457484,,,
A,Servidor,4914122,4914122,Servidor De Impressão Tp-Link Tl-Wps510U 802.11 B/G,"0,02",<!--PREC-->,<!--INGRAM-->,,False,11,14,True,1.18,421.66,497.5588,438.1,0,0,,,False,True,4914122_1.jpg,"4914122_1.jpg,4914122_2.jpg,4914122_3.jpg","4914122_1.jpg,4914122_2.jpg,4914122_3.jpg",94004,60071,48470,Tp-Link,TL-WPS510U,S - SE - CO - NE,,0,,593,Servidor Dell,,0,0,,Frames/4914122.htm,,12,12,00845973031039,True,True,0,0,0,,TL-WPS510U,,servidor-de-impressao-tp-link-tl-wps510u-802-11-b-g,,,
A,Servidor,4690869,4690869,Servidor Dell R220 210-Acic Xeon E3-1220v2 4Gb 500Gb S/SO,,<!--PREC-->,,,False,,0,False,1.12,,,0,0,0,,,False,True,4690869_1.jpg,"4690869_1.jpg,4690869_2.jpg,4690869_3.jpg","4690869_1.jpg,4690869_2.jpg,4690869_3.jpg",94004,,48470,Dell,210-ACIC,,,0,,593,Microsoft Office,,0,0,,Frames/4690869.htm,,12,12,07640148555739,True,True,0,0,0,210-ACIC*,210-ACIC,,servidor-dell-r220-210-acic-xeon-e3-1220v2-4gb-500gb-s-so,,,
A,Servidor,4956377,4956377,Servidor Dell R630 Xeon E5-2620V 16Gb 1X600Gb 210-Adie-R630,,<!--PREC-->,,,False,,0,False,1.12,,,0,0,0,,,False,True,4956377_1.jpg,"4956377_1.jpg,4956377_2.jpg,4956377_3.jpg","4956377_1.jpg,4956377_2.jpg,4956377_3.jpg",94004,,48470,Dell,210-ADIE-R630-16-600,,,0,,593,Servidor Hp,,0,0,,Frames/4956377.htm,,12,12,,True,True,0,0,0,,210-ADIE-R630,,servidor-dell-r630-xeon-e5-2620v-16gb-1x600gb-210-adie-r630,,,
A,Servidor,4907188,4907188,Servidor Hp Dl380 Gen9 Xeon E5 32Gb 600Gb 719064-B21,,<!--PREC-->,,,False,,0,False,1.12,,,0,0,0,,,False,True,4907188_1.jpg,"4907188_1.jpg,4907188_2.jpg,4907188_3.jpg","4907188_1.jpg,4907188_2.jpg,4907188_3.jpg",94004,,48470,Hp,719064-B21,,,0,,593,Servidor Hp,,0,0,,Frames/4907188.htm,,12,12,00887758114612,True,True,0,0,0,,719064-B21,,servidor-hp-dl380-gen9-xeon-e5-32gb-600gb-719064-b21,,,
A,Servidor,4915637,4915637,Servidor Hp Gen8 Pentium G2020T 4Gb S/Hd 787242-S05,"0,02",<!--PREC-->,<!--AGIS-->,,False,31,0,True,1.07,2175.26,2327.5282,2327.53,0,0,,,False,True,4915637_1.jpg,"4915637_1.jpg,4915637_2.jpg,4915637_3.jpg","4915637_1.jpg,4915637_2.jpg,4915637_3.jpg",94004,60071,48470,Hp,787242-S05,S - SE - CO - NE,,0,,593,"Servidor Hp,Servidor",,0,0,,Frames/4915637.htm,"servidor,servidor hp,servidor proliant,hp proliant,hp microserver,proliant gen8,servidor g2020t,hp g2020t",12,12,00888793510940,True,True,0,0,0,,787242-S05,Servidor Hp G2020T Gen8 787242-S05,servidor-hp-gen8-pentium-g2020t-4gb-s-hd-787242-s05,,"Gerenciamento simplificado de TI, Memória 4GB UDIMM (possui 2 slots de memória), Gigabit Dual-Port integrada, Disco MÁX. 3Tb e FRETE GRÁTIS!!",
A,Servidor,5025977,5025977,Servidor Lenovo Rd540 Ts Xeon E5 16Gb 600Gb 1U Rack 70Au0021Bn,,<!--PREC-->,,,False,,0,False,1.12,,,10944.24,0,0,,,False,True,5025977_1.jpg,"5025977_1.jpg,5025977_2.jpg,5025977_3.jpg,5025977_4.jpg","5025977_1.jpg,5025977_2.jpg,5025977_3.jpg,5025977_4.jpg",94004,,48470,Lenovo,70AU0021BN,,,0,,593,Servidor l,,0,0,,Frames/5025977.htm,,12,12,00888772125448,True,True,0,0,0,,70AU0021BN,,servidor-lenovo-rd540-ts-xeon-e5-16gb-600gb-1u-rack-70au0021bn,,,
A,Servidor,4973917,4973917,Servidor Lenovo Thinkserver Rd640 Xeon E5 600Gb Rack U2 70B1000Mbn,,<!--PREC-->,,,False,,0,False,1.12,,,0,0,0,,,False,True,4973917_pr.jpg,"4973917_det.jpg,4973917_det2.jpg,4973917_det3.jpg","4973917_amp.jpg,4973917_amp2.jpg,4973917_amp3.jpg",94004,,48470,Lenovo,70B1000Mbn,,,0,,593,Servidor Lenovo,,0,0,,Frames/4973917.htm,"servidor,servidor lenovo,servidor thinkserver,servidor rd640,servidor xeon e5,servidor 600gb,servidor rack u2,servidor 70B1000Mbn",12,12,00888631037271,True,True,0,0,0,,70B1000MBN,,servidor-lenovo-thinkserver-rd640-xeon-e5-600gb-rack-u2-70b1000mbn,,,
A,Servidor,4978292,4978292,Servidor Lenovo Ts140 Xeon E3-1226v3 8Gb 500Gb Torre 4U 70A4006Hbn,,<!--PREC-->,,,False,,0,False,1.12,,,0,0,0,,,False,True,4978292_1.jpg,"4978292_1.jpg,4978292_2.jpg,4978292_3.jpg,4978292_4.jpg","4978292_1.jpg,4978292_2.jpg,4978292_3.jpg,4978292_4.jpg",94004,,48470,Lenovo,70A4006HBN,,,0,,593,Servidor Lenovo Ts140,,0,0,,Frames/4978292.htm,,12,12,00888440645834,True,True,0,0,0,70A4006Hbn,70A4006HBN,,servidor-lenovo-ts140-xeon-e3-1226v3-8gb-500gb-torre-4u-70a4006hbn,,,
A,Servidor,4522474,4522474,Servidor Storage D-Link Dnr-322L Nvr,"0,02",<!--PREC-->,<!--ALL NATIONS-->,,False,10,0,True,1.18,715.8568,844.711024,765.97,0,0,,,False,True,4522474_1.jpg,"4522474_1.jpg,4522474_2.jpg","4522474_1.jpg,4522474_2.jpg",94004,60071,48470,D-Link,Dnr-322L,S - SE - CO - NE,,0,,16,"Hd, Servidor, Pc",,0,0,,Frames/4522474.htm,"Storage, D-Link, Dnr-322L, Nvr, Gravação e monitoramento,",12,12,07898946991918,True,True,0,0,0,,Dnr-322L,,servidor-storage-d-link-dnr-322l-nvr,,,
A,Servidor,4698219,4698219,Servidor Storage Hp Msa 1040 C/ 12 Baias E7V99A,,<!--PREC-->,,,False,,0,False,1.12,,,0,0,0,,,False,True,4698219_1.jpg,"4698219_1.jpg,4698219_2.jpg","4698219_1.jpg,4698219_2.jpg",94004,,48470,Hp,E7V99A,,,0,,593,"Servidor Hp,Servidor",,0,0,,Frames/4698219.htm,,12,12,00888182049846,True,True,0,0,0,,E7V99A,,servidor-storage-hp-msa-1040-c-12-baias-e7v99a,,,
A,Servidor,4812298,4812298,Servidor Storage Hp Msa 1040 C/12 Baias E7W01A,"0,02",<!--PREC-->,<!--INGRAM-->,,False,3,0,True,1.18,19127.42,22570.3556,20466.34,0,0,,,False,True,4812298_1.jpg,"4812298_1.jpg,4812298_2.jpg,4812298_3.jpg","4812298_1.jpg,4812298_2.jpg,4812298_3.jpg",94004,60067,48470,Hp,E7W01A,S - SE - CO - NE,,0,,593,"Servidor Hp,Servidor",,0,0,,Frames/4812298.htm,"servidor hp,servidor storage,storage hp,hp storage,hp e7w01a,sercidor hp msa,hp msa,servidor msa",12,12,00888182049860,True,True,0,0,0,,E7W01A,Servidor Hp Msa 1040 C/12 Baias E7W01A,servidor-storage-hp-msa-1040-c-12-baias-e7w01a,,"Capacidade de 48 TB brutos suportados, controladoras de 2 portas com cache de 4 GB cada, Expansão de armazenamento até 2.5pol, FRETE GRÁTIS!!",
A,Sistema Operacional,4713805,4713805,Hp Windows Server 2012 R2 Standard Português 748921-201,"0,02",<!--PREC-->,<!--INGRAM-->,,False,48,0,True,1.07,3567.71,3817.4497,3817.45,0,0,,,False,True,4713805_pr.jpg,"4713805_det.jpg,4713805_det2.jpg","4713805_amp.jpg,4713805_amp2.jpg",94004,60067,48470,Hp,748921-201,S - SE - CO - NE,,0,,596,"Hp Windows Server,Server 2012,Windows Hp",,0,0,,Frames/4713805.htm,"hp,hp windows,hp server, windows server,server 2012,server R2,windows server standard,server portugues,hp 748921-201",12,12,00888182396629,True,True,0,0,0,,748921-201,,hp-windows-server-2012-r2-standard-portugues-748921-201,,,
A,Sistema Operacional,4984786,4984786,Microsoft Windows 10 Home 32Bits Português Oem Dvd Kw9-00112,,<!--PREC-->,,,False,,0,False,1.12,,,0,0,0,,,True,True,4984786_pr.jpg,4984786_det.jpg,4984786_amp.jpg,94004,,48470,Microsoft,Kw9-00112,,,0,,594,Microsoft Windows 10,,0,0,,Frames/4984786.htm,,12,12,00885370921991,True,True,0,0,0,*Kw9-00112*,KW9-00112,,microsoft-windows-10-home-32bits-portugues-oem-dvd-kw9-00112,,,
A,Sistema Operacional,4984788,4984788,Microsoft Windows 10 Home 64Bits Português Oem Dvd Kw9-00154,"0,02",<!--PREC-->,<!--HOUTER-->,,False,2,0,True,1.18,553.69,653.3542,592.45,0,0,,,True,True,4984788_pr.jpg,4984788_det.jpg,4984788_amp.jpg,94004,60067,48470,Microsoft,Kw9-00154,S - SE - CO - NE,,0,,594,"Windows 10,Windows 8.1",,0,0,,Frames/4984788.htm,"Microsoft,Microsoft Windows 10,Windows 10,Windows 10 Home,Windows 10 64Bits,Windows Português Oem,Win10 Dvd,Windows 10 Kw9-00154",12,12,00885370922417,True,True,0,0,0,*Kw9-00154*,KW9-00154,,microsoft-windows-10-home-64bits-portugues-oem-dvd-kw9-00154,,,
A,Sistema Operacional,4982151,4982151,Microsoft Windows 10 Pro 32/64 Bits Português Download Fqc-09131,,<!--PREC-->,,,False,,0,False,1.12,,,0,0,0,,,True,True,4982151_pr.jpg,4982151_det.jpg,4982151_amp.jpg,94004,,48470,Microsoft,Fqc-09131,,,0,,596,Microsoft Windows 10,,0,0,,Frames/4982151.htm,"Microsoft,Microsoft Windows,Microsoft 10,Windows 10,Windows Pro,Windows Português,Windows Fpp,Windows Fqc-09131",12,12,00885370938814,True,True,0,0,0,*Fqc-09131*,FQC-09131,,microsoft-windows-10-pro-32-64-bits-portugues-download-fqc-09131,,,
A,Sistema Operacional,4984790,4984790,Microsoft Windows 10 Pro 32Bits Português Oem Dvd Fqc-08971,"0,02",<!--PREC-->,<!--HOUTER-->,,False,5,0,True,1.07,767.66,821.3962,849.8,0,0,,,True,True,4984790_pr.jpg,4984790_det.jpg,4984790_amp.jpg,94004,60067,48470,Microsoft,Fqc-08971,S - SE - CO - NE,,0,,594,Microsoft Windows 10,,0,0,,Frames/4984790.htm,,12,12,00885370921342,True,True,0,0,0,*Fqc-08971*,FQC-08971,,microsoft-windows-10-pro-32bits-portugues-oem-dvd-fqc-08971,,,
A,Sistema Operacional,4984795,4984795,Microsoft Windows 10 Pro 64Bits Português Oem Dvd Fqc-08932,"0,02",<!--PREC-->,<!--AGIS-->,,False,228,0,True,1.18,646.33,762.6694,691.57,0,0,,,True,True,4984795_pr.jpg,4984795_det.jpg,4984795_amp.jpg,94004,60068,48470,Microsoft,Fqc-08932,S - SE - CO - NE,,0,,594,"Microsoft Windows,Windows 10,Windows",,0,0,,Frames/4984795.htm,,12,12,00885370920956,True,True,0,0,0,*Fqc-08932*,FQC-08932,,microsoft-windows-10-pro-64bits-portugues-oem-dvd-fqc-08932,,,
A,Sistema Operacional,4449912,4449912,Microsoft Windows 7 Professional 32 Bits Português Oem Fqc-08276,,<!--PREC-->,,,False,,2,False,1.07,,,687.06,0,0,,,False,True,4449912_1.jpg,4449912_1.jpg,4449912_1.jpg,94004,,48470,Microsoft,Fqc-08276,,,0,,596,Microsoft Windows 7,,0,0,,Frames/4449912.htm,"Microsoft Windows 7,Windows 7,Windows 7 Pro,Fqc-08276",12,12,00885370720549,True,True,0,0,0,*FQC-08276*,Fqc-08276,,microsoft-windows-7-professional-32-bits-portugues-oem-fqc-08276,,,
A,Sistema Operacional,4705763,4705763,Microsoft Windows 7 Professional 64 Bits Português Oem Fqc-08286,"0,02",<!--PREC-->,<!--AGIS-->,,False,175,0,True,1.07,635.59,680.0813,835.11,0,0,,,False,True,4705763_pr.jpg,4705763_det.jpg,4705763_amp.jpg,94004,60068,48470,Microsoft,Fqc-08286,S - SE - CO - NE,,0,,596,Microsoft Windows 7,,0,0,,Frames/4705763.htm,"Microsoft,Microsoft Windows,Windows 7,Windows Professional,Windows 64 Bits,Windows Português, Windows Fqc-08286",12,12,00885370720648,True,True,0,0,0,*FQC-08286*,Fqc-08286,,microsoft-windows-7-professional-64-bits-portugues-oem-fqc-08286,,,
A,Sistema Operacional,4716165,4716165,Microsoft Windows 8.1 Pro 32 Bits Português Oem Fqc-06989,,<!--PREC-->,,,False,,2,False,1.12,,,0,0,0,,,False,True,4716165_pr.jpg,4716165_det.jpg,4716165_amp.jpg,94004,,48470,Microsoft,Fqc-06989,,,0,,596,Microsoft Windows 8.1,,0,0,,Frames/4716165.htm,,12,12,00885370636413,True,True,0,0,0,*FQC-06989*,Fqc-06989,,microsoft-windows-8-1-pro-32-bits-portugues-oem-fqc-06989,,,
A,Sistema Operacional,4449925,4449925,Microsoft Windows Server 2012 Standard 64 Bits Português Fpp P73-06042,,<!--PREC-->,,,False,,0,False,1.12,,,0,0,0,,,False,True,4418147_pr.jpg,4418147_det.jpg,4418147_amp.jpg,94004,,48470,Microsoft,P73-06042,,,0,,596,Microsoft Windows Server,,0,0,,Frames/.htm,"Windows Server Standard,Microsoft Windows,P73-06042",12,12,00885370659870,True,True,0,0,0,*P73-06042*,P73-06042,,microsoft-windows-server-2012-standard-64-bits-portugues-fpp-p73-06042,,,
A,Sistema Operacional,4418144,4418144,Microsoft Windows Server 2012 Standard 64 Bits Português Oem P73-05328,,<!--PREC-->,,,False,,0,False,1.12,,,0,0,0,,,False,True,4418144_pr.jpg,4418144_det.jpg,4418144_amp.jpg,94004,,48470,Microsoft,P73-05328,,,0,,596,"Microsoft Windows,Windows Server,Server,Windows",,0,0,,Frames/4418144.htm,"Microsoft,Microsoft Windows,Windows Server,Windows Server 2012,Server 2012 Standard,64 Bits,Português Oem,P73-05328",12,12,00885370439106,True,True,0,0,0,*P73-05328*,P73-05328,,microsoft-windows-server-2012-standard-64-bits-portugues-oem-p73-05328,,,
A,Sistema Operacional,4993216,4993216,Microsoft Windows Server 2012 Standard R2 Licenca Open P73-06285,,<!--PREC-->,,,False,,0,False,1.12,,,0,0,0,,,False,True,4993216_pr.jpg,4993216_det.jpg,4993216_amp.jpg,94004,,48470,Microsoft,P73-06285,,,0,,596,Microsoft Windows Server,,0,0,,Frames/4993216.htm,,12,12,00727419409452,True,True,0,0,0,*P73-06285*,P73-06285,,microsoft-windows-server-2012-standard-r2-licenca-open-p73-06285,,,
A,Sistema Operacional,4690878,4690878,Microsoft Windows Server Standard 2012 R2 x64 P73-06223,,<!--PREC-->,,,False,,0,False,1.12,,,0,0,0,,,False,True,4690878_1.jpg,4690878_1.jpg,4690878_1.jpg,94004,,48470,Microsoft,P73-06223,,,0,,596,"software,",,0,0,,Frames/4690878.htm,"Microsoft, Windows Server Standard 2012, R2 x64, P73-06223,",12,12,00885370660098,True,True,0,0,0,,P73-06223,,microsoft-windows-server-standard-2012-r2-x64-p73-06223,,,
A,Sistema Operacional,4449801,4449801,Windows Remote Desktop CAL 2012 - máquina WinRmtDsktpSrvcsCAL,,<!--PREC-->,,,False,,0,False,1.12,,,0,0,0,,,False,True,4449801_pr.jpg,4449801_det.jpg,4449801_amp.jpg,94004,,48470,Microsoft,6Vc-02071,,,0,,594,"Cartão De Memória Microsoft,Cartão De Memória",,0,0,,Frames/4449801.htm,,12,12,04977766710916,True,True,0,0,0,*6Vc-02071*,6VC-02071,,windows-remote-desktop-cal-2012-maquina-winrmtdsktpsrvcscal,,,
A,Softwares Aplicativos,4993215,4993215,Microsoft Azure Subscription Services Licenca Open 5S2-00003,,<!--PREC-->,,,False,,0,False,1.12,,,0,0,0,,,False,True,4993215_1.jpg,"4993215_1.jpg,4993215_2.jpg","4993215_1.jpg,4993215_2.jpg",94004,,48470,Microsoft,5S2-00003,,,0,,594,"Softwares Aplicativos Microsoft,Softwares Aplicati",,0,0,,,,12,12,00757943215977,True,True,0,0,0,*5S2-00003*,5S2-00003,,microsoft-azure-subscription-services-licenca-open-5s2-00003,,,
A,Softwares Aplicativos,4545419,4545419,Microsoft Office 2016 Home & Business Fpp T5D-02270,"0,02",<!--PREC-->,<!--AGIS-->,,False,1411,0,True,1.18,819.74,967.2932,877.12,0,0,,,False,True,4545419_1.jpg,4545419_1.jpg,4545419_1.jpg,94004,60068,48470,Microsoft,T5D-02270,S - SE - CO - NE,,0,,594,Microsoft Office 2016,,0,0,,Frames/4545419.htm,"Microsoft Office 2016, Home And Business, T5D-02270,",12,12,00885370980004,True,True,0,0,0,*T5D-02270*,T5D-02270,,microsoft-office-2016-home-business-fpp-t5d-02270,,,
A,Softwares Aplicativos,5160315,5160315,Microsoft Office 2016 Home & Student Fpp 79G-04350,,<!--PREC-->,,,False,,0,False,1.07,,,413.77,0,0,,,False,True,5161093_1.jpg,"5161093_1.jpg,5161093_2.jpg","5161093_1.jpg,5161093_2.jpg",94004,,48470,Microsoft,79G-04350,,,0,,594,"Microsoft Office 2016,",,0,0,,Frames/5161093.htm,,12,12,00885370988888,True,True,0,0,0,*79G-04286*,79G-04350,,microsoft-office-2016-home-student-fpp-79g-04350,,,
A,Softwares Aplicativos,4993218,4993218,Microsoft Office 365 Business Premium Licenca Open 9F4-00003,,<!--PREC-->,,,False,,0,False,1.12,,,0,0,0,,,False,True,4993218_1.jpg,4993218_2.jpg,4993218_3.jpg,94004,,48470,Microsoft,9F4-00003,,,0,,594,Microsoft Office,,0,0,,Frames/4993218.htm,,12,12,00885370451450,True,True,0,0,0,*9F4-00003*,9F4-00003,,microsoft-office-365-business-premium-licenca-open-9f4-00003,,,
A,Softwares Aplicativos,4690794,4690794,Microsoft Office 365 Personal Fpp Br Qq2-00108,,<!--PREC-->,,,False,,0,False,1.12,,,0,0,0,,,False,True,4690794_pr.jpg,4690794_det.jpg,4690794_amp.jpg,94004,,48470,Microsoft,Qq2-00108,,,0,,594,Microsoft Office,,0,0,,Frames/4690794.htm,,12,12,00885370751345,True,True,0,0,0,*Qq2-00108*,Qq2-00108,,microsoft-office-365-personal-fpp-br-qq2-00108,,,
A,Switch,5171718,5171718,Switch 16 P Hp 1920-16G Jg923A 10/100/1000 + 4 Sfp,"0,02",<!--PREC-->,<!--AGIS-->,,False,14,0,True,1.07,1379.1,1475.637,1475.64,0,0,,,False,True,5171718_1.jpg,"5171718_1.jpg,5171718_2.jpg,5171718_3.jpg","5171718_1.jpg,5171718_2.jpg,5171718_3.jpg",94004,60068,48470,Hp,JG923A,S - SE - CO - NE,,0,,562,,,0,0,,Frames/5171718.htm,,12,12,00888182476857,True,True,0,0,0,,JG923A,,switch-16-p-hp-1920-16g-jg923a-10-100-1000-4-sfp,,,
A,Switch,4698241,4698241,Switch 24 P Cisco 2960 Ws-C2960-24Tc-Br= 10/100 Mbps,,<!--PREC-->,,,False,,0,False,1.12,,,3610.26,0,0,,,False,True,4698241_pr.jpg,"4698241_det.jpg,4698241_det2.jpg,4698241_det3.jpg","4698241_amp.jpg,4698241_amp2.jpg,4698241_det3.jpg",94004,,48470,Cisco,Ws-C2960+24Tc-Br=,,,0,,601,"Switch Cisco,Switch",,0,0,,Frames/4698241.htm,,12,12,00882658750489,True,True,0,0,0,,Ws-C2960-24Tc-Br=,,switch-24-p-cisco-2960-ws-c2960-24tc-br-10-100-mbps,,,
A,Switch,4698244,4698244,Switch 24 P Cisco 2960X Ws-C2960X-24Td-L Gigabit Mbps,,<!--PREC-->,,,False,,0,False,1.18,,,17737.23,0,0,,,False,True,4698244_1.jpg,"4698244_1.jpg,4698244_2.jpg","4698244_1.jpg,4698244_2.jpg",94004,,48470,Cisco,Ws-C2960X-24Td-L,,,0,,601,"Switch Cisco,Switch",,0,0,,Frames/4698244.htm,,12,12,00882658554407,True,True,0,0,0,,Ws-C2960X-24Td-L,,switch-24-p-cisco-2960x-ws-c2960x-24td-l-gigabit-mbps,,,
A,Switch,4698251,4698251,Switch 24 P Cisco 3750X Ws-C3750X-24T-S Gigabit Mbps,,<!--PREC-->,,,False,,0,False,1.12,,,0,0,0,,,False,True,4698251_pr.jpg,4698251_det.jpg,4698251_amp.jpg,94004,,48470,Cisco,Ws-C3750X-24T-S,,,0,,601,"Switch Cisco,Switch",,0,0,,Frames/4698251.htm,,12,12,00882583304900,True,True,0,0,0,,Ws-C3750X-24T-S,,switch-24-p-cisco-3750x-ws-c3750x-24t-s-gigabit-mbps,,,
A,Switch,4707299,4707299,Switch 24 P Cisco Sf102 Sf102-24-Na Não Gerenciavel,,<!--PREC-->,,,False,,0,False,1.12,,,0,0,0,,,False,True,4707299_1.jpg,"4707299_1.jpg,4707299_2.jpg","4707299_1.jpg,4707299_2.jpg",94004,,48470,Cisco,Sf102-24-Na,,,0,,601,"Switch Cisco,Switch",,0,0,,Frames/4707299.htm,"switch,switch cisco,switch sf102,switch gerenciavel,switch 24 portas,switch Sf102-24-Na",12,12,,True,True,0,0,0,,Sf102-24-Na,,switch-24-p-cisco-sf102-sf102-24-na-nao-gerenciavel,,,
A,Switch,4698243,4698243,Switch 24 P Cisco Ws-C2960X-24Ps- LGigabit Mbps,,<!--PREC-->,,,False,,0,False,1.12,,,0,0,0,,,False,True,4698243_pr.jpg,4698243_det.jpg,4698243_amp.jpg,94004,,48470,Cisco,Ws-C2960X-24Ps-L,,,0,,601,"Switch Cisco,Switch",,0,0,,Frames/4698243.htm,,12,12,00882658554339,True,True,0,0,0,,Ws-C2960X-24Ps-L,,switch-24-p-cisco-ws-c2960x-24ps-lgigabit-mbps,,,
A,Switch,5198087,5198087,Switch 24 P Dell N2024 210-Abnv-N2024 10/100/1000 +2 Sfp,,<!--PREC-->,,,False,,0,False,1.18,,,0,0,0,,,False,True,5198087_1.jpg,"5198087_1.jpg,5198087_2.jpg,5198087_3.jpg","5198087_1.jpg,5198087_2.jpg,5198087_3.jpg",94004,,48472,Dell,210-ABNV-N2024,,,0,,562,,,0,0,,Frames/5198087.htm,,12,12,05397063839407,True,True,0,0,0,,210-ABNV-N2024,,switch-24-p-dell-n2024-210-abnv-n2024-10-100-1000-2-sfp,,,
A,Switch,4462684,4462684,Switch 24 P D-Link Des-3200-28 10/100 + 2P Sfp + 2P G Combo,,<!--PREC-->,,,False,,0,False,1.12,,,0,0,0,,,False,True,4462684_pr.jpg,4462684_det.jpg,4462684_amp.jpg,94004,,48470,D-Link,Des-3200-28,,,0,,562,Switch D-Link,,0,0,,Frames/4462684.htm,,12,12,,True,True,0,0,0,,Des-3200-28,,switch-24-p-d-link-des-3200-28-10-100-2p-sfp-2p-g-combo,,,
A,Switch,4698261,4698261,Switch 24 P D-Link Dgs-1510-28P Smartpro Gigabit Mbps,"0,02",<!--PREC-->,<!--NETWORK1-->,,False,10,0,True,1.12,3147.5,3525.2,4473.97,0,0,,,False,True,4698261_pr.jpg,"4698261_det.jpg,4698261_det2.jpg,4698261_det3.jpg","4698261_amp.jpg,4698261_amp2.jpg,4698261_amp3.jpg",94004,60070,48470,D-Link,Dgs-1510-28P,S - SE - CO - NE,,0,,601,"Switch D-Link,Switch",,0,0,,Frames/4698261.htm,,12,12,00790069399473,True,True,0,0,0,,Dgs-1510-28P,,switch-24-p-d-link-dgs-1510-28p-smartpro-gigabit-mbps,,,
A,Switch,5315184,5315184,"Switch 24 P Hp 1420 Giga+ 2p Ssp+ JH018A	","0,02",<!--PREC-->,<!--AGIS-->,,False,15,0,True,1.12,1952.93,2187.2816,2220.39,0,0,,,False,True,5315184_1.jpg,5315184_1.jpg,5315184_1.jpg,94004,60068,48470,Hp,JH018A,S - SE - CO - NE,,0,,562,,,0,0,,Frames/5315184.htm,,12,12,00888793058336,True,True,0,0,0,,JH018A,Switch 24 P Hp 1420 Giga+ 2p Ssp+ JH018A,switch-24-p-hp-1420-giga--2p-ssp--jh018a--6884402,,,
A,Switch,4805529,4805529,Switch 24 P Hp 1920-24G Jg924A,"0,02",<!--PREC-->,<!--NETWORK1-->,,False,100,0,True,1.18,1369.702,1616.24836,1441.99,0,0,,,False,True,4805529_1.jpg,"4805529_1.jpg,4805529_2.jpg,4805529_3.jpg","4805529_1.jpg,4805529_2.jpg,4805529_3.jpg",94004,60070,48470,Hp,JG924A,S - SE - CO - NE,,0,,562,"Switch Hp,Switch",,0,0,,Frames/4805529.htm,"switch 24 portas,switch gerenciavel,switch gigabit 24 portas,jg924a,switch jg924a,switch hp 24 portas,hp 24 portas,24 portas switch,switch 24 portas hp",12,12,00888182477113,True,True,0,0,0,,JG924A,Switch 24 Portas Hp 1920-24G Jg924A,switch-24-p-hp-1920-24g-jg924a,,"Tecnologia de silício avançada, 4 portas SFP 1000 Mbps. Gestão IEEE 802.3 Ethernet MIB, Capacidade de produção Até 41.7 Mpps, FRETE GRÁTIS!!",
A,Switch,4698266,4698266,Switch 24 P Hp 2530 J9782A Gigabit Mbps,"0,02",<!--PREC-->,<!--INGRAM-->,,False,6,0,True,1.18,1814.86,2141.5348,1941.9,0,0,,,False,True,4698266_pr.jpg,"4698266_det.jpg,4698266_det2.jpg","4698266_amp.jpg,4698266_amp2.jpg",94004,60071,48470,Hp,J9782A,S - SE - CO - NE,,0,,601,"Switch Hp,Switch",,0,0,,Frames/4698266.htm,,12,12,00886112459758,True,True,0,0,0,,J9782A,,switch-24-p-hp-2530-j9782a-gigabit-mbps,,,
A,Switch,4462695,4462695,Switch 24 P Hp 3600 V2 El 10/100 Jg299B,"0,02",<!--PREC-->,<!--INGRAM-->,,False,5,0,True,1.12,4480.19,5017.8128,4793.8,0,0,,,False,True,4462695_1.jpg,"4462695_1.jpg,4462695_2.jpg","4462695_1.jpg,4462695_2.jpg",94004,60071,48470,Hp,JG299B,S - SE - CO - NE,,0,,562,Switch Hp,,0,0,,Frames/4462695.htm,,12,12,00888793513781,True,True,0,0,0,,JG299B,,,,,
A,Switch,4418168,4418168,Switch 24 P Hp 5500 El Gigabit + 4Gb Sfp JD377A,,<!--PREC-->,,,False,,0,False,1.12,,,17584.34,0,0,,,False,True,4418168_1.jpg,"4418168_1.jpg,4418168_2.jpg","4418168_1.jpg,4418168_2.jpg",94004,,48470,Hp,JD377A,,,0,,562,"Switch Hp,",,0,0,,Frames/4418168.htm,,12,12,07330381967702,True,True,0,0,0,,JD377A,,,,,
A,Switch,5105173,5105173,Switch 24 P Hp Jg932A Base-T 10/100/ 1000,,<!--PREC-->,,,False,,0,False,1.12,,,0,0,0,,,False,True,5105173_1.jpg,"5105173_1.jpg,5105173_2.jpg,5105173_3.jpg","5105173_1.jpg,5105173_2.jpg,5105173_3.jpg",94004,,48470,Hp,Jg932A,,,0,,562,"Switch Hp,Switch",,0,0,,Frames/5105173.htm,"Switch, Jg932A, Hp, 24 Portas 10/100/ 1000, Base-T,",12,12,08881826066058,True,True,0,0,0,,Jg932A,,switch-24-p-hp-jg932a-base-t-10-100-1000,,,
A,Switch,4462694,4462694,Switch 24 P Hp V1910-24 Jg538A Gigabit,"0,02",<!--PREC-->,<!--INGRAM-->,,False,102,0,True,1.18,710.42,838.2956,760.15,0,0,,,False,True,4462694_1.jpg,"4462694_1.jpg,4462694_2.jpg,4462694_3.jpg","4462694_1.jpg,4462694_2.jpg,4462694_3.jpg",94004,60071,48470,Hp,Jg538A,S - SE - CO - NE,,0,,562,"Switch Hp,Switch",,0,0,,Frames/4462694.htm,"Switch,24 Portas,Hp,V1910-24,Gigabit,Jg538A",12,12,00887758142721,True,True,0,0,0,,Jg538A,Switch 24 Portas Hp V1910-24 Gigabit Jg538A,switch-24-p-hp-v1910-24-jg538a-gigabit,,"2 portas SFP e 2 Gigabit Ethernet, Capacidade de routing/switching 8.8 Gbit / s, Voltagem de entrada de AC 100-240 V, 2 portas SFP, FRETE GRÁTIS!!",
A,Switch,4418157,4418157,Switch 24 P Hp V1910-24-Poe+ Jg539A Gigabit,"0,02",<!--PREC-->,<!--AGIS-->,,False,8,0,True,1.18,1853.54,2187.1772,1983.29,0,0,,,False,True,4418157_1.jpg,"4418157_1.jpg,4418157_2.jpg,4418157_3.jpg","4418157_1.jpg,4418157_2.jpg,4418157_3.jpg",94004,60067,48470,Hp,Jg539A,S - SE - CO - NE,,0,,562,"Switch Hp,Switch",,0,0,,Frames/4418157.htm,,12,12,00887758142912,True,True,0,0,0,,Jg539A,,switch-24-p-hp-v1910-24-poe-jg539a-gigabit,,,
A,Switch,5149056,5149056,Switch 24 P Netgear Gsm7328S -200Nas 10/100/1000Mbps Gsm7328S,,<!--PREC-->,,,False,,0,False,1.12,,,15942.1,0,0,,,False,True,5149056_1.jpg,"5149056_1.jpg,5149056_2.jpg,5149056_3.jpg","5149056_1.jpg,5149056_2.jpg,5149056_3.jpg",94004,,48470,Netgear,Gsm7328S-200Nas,,,0,,562,"Switch ,",,0,0,,Frames/5149056.htm,,12,12,00606449067972,True,True,0,0,0,,Gsm7328S-200Nas,,switch-24-p-netgear-gsm7328s-200nas-10-100-1000mbps-gsm7328s,,,
A,Switch,4707280,4707280,Switch 48 P Cisco 2960S Ws-C2960S-48Lpsbr Rack Mountable Catalyst,,<!--PREC-->,,,False,,0,False,1.12,,,0,0,0,,,False,True,4707280_1.jpg,"4707280_1.jpg,4707280_2.jpg","4707280_1.jpg,4707280_2.jpg",94004,,48470,Cisco,Ws-C2960S-48Lpsbr=,,,0,,601,"Switch Cisco,Switch",,0,0,,Frames/4707280.htm,,12,12,00882658672736,True,True,0,0,0,,Ws-C2960S-48Lpsbr=,,switch-48-p-cisco-2960s-ws-c2960s-48lpsbr-rack-mountable-catalyst,,,
A,Switch,4418163,4418163,Switch 48 P Cisco Sg500 Sg500-52-K9-Na Gigabit,,<!--PREC-->,,,False,,0,False,1.12,,,0,0,0,,,False,True,4418163_1.jpg,"4418163_1.jpg,4418163_2.jpg","4418163_1.jpg,4418163_2.jpg",94004,,48470,Cisco,Sg500-52-K9-Na,,,0,,562,"Switch Cisco,Switch",,0,0,,Frames/4418163.htm,,12,12,00882658424922,True,True,0,0,0,,Sg500-52-K9-Na,,switch-48-p-cisco-sg500-sg500-52-k9-na-gigabit,,,
A,Switch,4707292,4707292,Switch 48 P Cisco Sg500X-48-K9-Na Rack Mountable Small Bunis,,<!--PREC-->,,,False,,0,False,1.12,,,0,0,0,,,False,True,4707292_1.jpg,"4707292_1.jpg,4707292_2.jpg","4707292_1.jpg,4707292_2.jpg",94004,,48470,Cisco,Sg500X-48-K9-Na,,,0,,601,"Switch Cisco,Switch",,0,0,,Frames/4707292.htm,,12,12,00882658424694,True,True,0,0,0,,Sg500X-48-K9-Na,,switch-48-p-cisco-sg500x-48-k9-na-rack-mountable-small-bunis,,,
A,Switch,5127475,5127475,Switch 48 P Dell N2048P L2 210-Abny 10/100/1000Mbps,,<!--PREC-->,,,False,,0,False,1.12,,,0,0,0,,,False,True,5127475_1.jpg,"5127475_1.jpg,5127475_2.jpg,5127475_3.jpg","5127475_1.jpg,5127475_2.jpg,5127475_3.jpg",94004,,48470,Dell,210-ABNY,,,0,,562,"Switch Dell,Switch",,0,0,,Frames/5127475.htm,"Switch Dell, N2048P L2, Switch 48 Portas, 10/100/1000Mbps, 210-Abny,",12,12,,True,True,0,0,0,210-ABNY*,210-ABNY,,switch-48-p-dell-n2048p-l2-210-abny-10-100-1000mbps,,,
A,Switch,5127466,5127466,Switch 48 P Dell N2048P L2 210-Adfb 10/100/1000Mbps,,<!--PREC-->,,,False,,0,False,1.12,,,0,0,0,,,False,True,5127466_1.jpg,"5127466_1.jpg,5127466_2.jpg,5127466_3.jpg","5127466_1.jpg,5127466_2.jpg,5127466_3.jpg",94004,,48470,Dell,210-Adfb,,,0,,562,"Switch Dell,Switch",,0,0,,Frames/5127466.htm,"Switch Dell, N2048P L2, Switch 48 Portas, 10/100/1000Mbps,",12,12,00088411616157,True,True,0,0,0,210-ADFB*,210-Adfb,,switch-48-p-dell-n2048p-l2-210-adfb-10-100-1000mbps,,,
A,Switch,5127500,5127500,Switch 48 P Dell N4064 210-Abvu 10/100/1000Mbps,,<!--PREC-->,,,False,,0,False,1.18,,,36244.93,0,0,,,False,True,5127500_1.jpg,"5127500_1.jpg,5127500_2.jpg,5127500_3.jpg","5127500_1.jpg,5127500_2.jpg,5127500_3.jpg",94004,,48470,Dell,210-ABVU#105,,,0,,562,"Switch Dell,Switch",,0,0,,Frames/5127500.htm,"Switch Dell, N4064, Switch 48 Portas, 10/100/1000Mbps, 210-Abvu,",12,12,05397063839155,True,True,0,0,0,,210-Abvu,,switch-48-p-dell-n4064-210-abvu-10-100-1000mbps,,,
A,Switch,5127493,5127493,Switch 48 P Dell N4064 Qsfp 210-Abvu 10/100/1000Mbps,,<!--PREC-->,,,False,,0,False,1.12,,,25512.91,0,0,,,False,True,5127493_1.jpg,"5127493_1.jpg,5127493_2.jpg,5127493_3.jpg","5127493_1.jpg,5127493_2.jpg,5127493_3.jpg",94004,,48470,Dell,210-ABVU#186,,,0,,562,"Switch Dell,Switch",,0,0,,Frames/5127493.htm,"Switch Dell, N4064, Switch 48 Portas, 10/100/1000Mbps, Qsfp 210-Abvu,",12,12,,True,True,0,0,0,,210-Abvu,,switch-48-p-dell-n4064-qsfp-210-abvu-10-100-1000mbps,,,
A,Switch,5199328,5199328,Switch 48 P Dell X1052 + 4Sfp 210-Adpn 10/100/1000,"0,02",<!--PREC-->,<!--INGRAM-->,,False,15,0,True,1.12,3795.56,4251.0272,4849.53,0,0,,,False,True,5199328_1.jpg,"5199328_1.jpg,5199328_2.jpg","5199328_1.jpg,5199328_2.jpg",94004,60071,48470,Dell,210-ADPN,S - SE - CO - NE,,0,,562,,,0,0,,Frames/5199328.htm,,12,12,00898455207194,True,True,0,0,0,,210-ADPN,,switch-48-p-dell-x1052-4sfp-210-adpn-10-100-1000,,,
A,Switch,5163564,5163564,Switch 48 P Hp 1620-48G 10/100/1000Mbps Jg914A,"0,02",<!--PREC-->,<!--INGRAM-->,,False,10,0,True,1.14,2208.21,2517.3594,2362.78,0,0,,,False,True,5163564_1.jpg,"5163564_1.jpg,5163564_2.jpg","5163564_1.jpg,5163564_2.jpg",94004,60071,48470,Hp,JG914A,S - SE - CO - NE,,0,,562,"Switch Hp,",,0,0,,Frames/5163564.htm,,12,12,00888182458518,True,True,0,0,0,,JG914A,,switch-48-p-hp-1620-48g-10-100-1000mbps-jg914a,,,
A,Switch,4805560,4805560,Switch 48 P Hp 1920-48G Jg927A Gigabit,"0,02",<!--PREC-->,<!--NETWORK1-->,,False,92,0,True,1.08,3648.715,3940.6122,3840.07,0,0,,,False,True,4805560_1.jpg,"480554805560_1.jpg,4805560_2.jpg","480554805560_1.jpg,4805560_2.jpg",94004,60070,48470,Hp,JG927A,S - SE - CO - NE,,0,,562,"Switch Hp,Switch",,0,0,,Frames/4805560.htm,"Switch,48 portas,hp,10/100/1000Base-T,Sfp,1920-48G,Jg927A,bivolt",12,12,00888182477809,True,True,0,0,0,,JG927A,Switch 48 Portas Hp 1920-48G Bivolt Jg927A,switch-48-p-hp-1920-48g-jg927a-gigabit,,"Tecnologia de silício avançada, 4 Portas SFP 1000 Mbps, Gestão IEEE 802.3 Ethernet MIB, Capacidade de produção Até 77.4 Mpps, FRETE GRÁTIS!!",
A,Switch,4462697,4462697,Switch 48 P Hp V1910-48 Jg540A 48P 10/100 +2P 10/100/1000,"0,02",<!--PREC-->,<!--INGRAM-->,,False,22,0,True,1.15,1522.17,1750.4955,1617.77,0,0,,,False,True,4462697_1.jpg,"4462697_1.jpg,4462697_2.jpg","4462697_1.jpg,4462697_2.jpg",94004,60071,48470,Hp,Jg540A,S - SE - CO - NE,,0,,562,"Switch Hp,Switch",,0,0,,Frames/4462697.htm,"switch,switch 48 portas,switch Hp,switch V1910-48,switch Gigabit,switch Jg540A",12,12,00887758143100,True,True,0,0,0,,Jg540A,,switch-48-p-hp-v1910-48-jg540a-48p-10-100-2p-10-100-1000,,,
A,Switch,5132251,5132251,Switch 48 P Netgear Gsm7248-200Nas Prosafe 10/100/1000Mbps,,<!--PREC-->,,,False,,0,False,1.18,,,0,0,0,,,False,True,5132251_1.jpg,5132251_1.jpg,5132251_1.jpg,94004,,48470,Netgear,Gsm7248-200Nas,,,0,,562,Switch,,0,0,,Frames/5132251.htm,,12,12,00606449069181,True,True,0,0,0,,Gsm7248-200Nas,,switch-48-p-netgear-gsm7248-200nas-prosafe-10-100-1000mbps,,,
A,Switch,4707293,4707293,Switch 8 P Cisco Sg300 Srw2008-K9-Na Gerenciavel,,<!--PREC-->,,,False,,0,False,1.12,,,0,0,0,,,False,True,4707293_1.jpg,"4707293_1.jpg,4707293_2.jpg,4707293_3.jpg","4707293_1.jpg,4707293_2.jpg,4707293_3.jpg",94004,,48470,Cisco,Srw2008-K9-Na,,,0,,601,"Switch Cisco,Switch",,0,0,,Frames/4707293.htm,,12,12,,True,True,0,0,0,,Srw2008-K9-Na,,switch-8-p-cisco-sg300-srw2008-k9-na-gerenciavel,,,
A,Switch,5126004,5126004,Switch 8 P Dell X1008 10/100/1000Mbps,,<!--PREC-->,,,False,,0,False,1.12,,,0,0,0,,,False,True,5126004_1.jpg,"5126004_1.jpg,5126004_2.jpg,5126004_3.jpg","5126004_1.jpg,5126004_2.jpg,5126004_3.jpg",94004,,48472,Dell,210-ADPP,,,0,,562,"Switch Dell,Switch",,0,0,,Frames/5126004.htm,"Switch 24, Portas, 10/100/1000, Mbps, Dell, 210-Adpp,",12,12,,True,True,0,0,0,210-ADPP*,210-Adpp,,switch-8-p-dell-x1008-10-100-1000mbps,,,
A,Switch,5157710,5157710,Switch 8 P D-Link Dgs-1100-08P Gigabit Gerenciavel,"0,02",<!--PREC-->,<!--ALL NATIONS-->,,False,10,0,True,1.15,707.1322,813.20203,756.63,0,0,,,False,True,5157710_1.jpg,"5157710_1.jpg,5157710_2.jpg","5157710_1.jpg,5157710_2.jpg",94004,60068,48470,D-Link,Dgs-1100-08P,S - SE - CO - NE,,0,,562,,,0,0,,Frames/5157710.htm,,12,12,07898946992595,True,True,0,0,0,,Dgs-1100-08P,,switch-8-p-d-link-dgs-1100-08p-gigabit-gerenciavel,,,
A,Switch,4418161,4418161,Switch 8 P Hp 1410-8G Gigabit 10/100/1000 J9559A,"0,02",<!--PREC-->,<!--INGRAM-->,,False,60,0,True,1.12,340.81,381.7072,364.67,0,0,,,False,True,4418161_1.jpg,"4418161_1.jpg,4418161_2.jpg","4418161_1.jpg,4418161_2.jpg",94004,60071,48470,Hp,J9559A,S - SE - CO - NE,,0,,562,"Switch Hp,",,0,0,,Frames/4418161.htm,,12,12,00884962716151,True,True,0,0,0,,J9559A,,switch-8-p-hp-1410-8g-gigabit-10-100-1000-j9559a,,,
A,Switch,5025904,5025904,Switch 8 P Hp 1910-8 Jg536A 10/100,,<!--PREC-->,,,False,,0,False,1.12,,,0,0,0,,,False,True,5025904_pr.jpg,"5025904_det.jpg,5025904_det2.jpg,5025904_det3.jpg","5025904_amp.jpg,5025904_amp2.jpg,5025904_amp3.jpg",94004,,48470,Hp,JG536A,,,0,,562,Switch Hp,,0,0,,Frames/5025904.htm,,12,12,00887758142363,True,True,0,0,0,,JG536A,,switch-8-p-hp-1910-8-jg536a-10-100,,,
A,Switch,4713800,4713800,Switch Cisco Flexstack Catalyst 2960X C2960X-Stack=,,<!--PREC-->,,,False,,0,False,1.12,,,0,0,0,,,False,True,4713800_1.jpg,4713800_1.jpg,4713800_1.jpg,94004,,48470,Cisco,C2960X-Stack=,,,0,,601,"Switch Cisco,Switch",,0,0,,Frames/4713800.htm,,12,12,00882658613708,True,True,0,0,0,,C2960X-Stack=,,switch-cisco-flexstack-catalyst-2960x-c2960x-stack-,,,
A,Teclado para PC,5286311,5286311,Teclado Usb Gamer Razer Deathstalker Essential Rz.Tc.De.04.Rt,"0,02",<!--PREC-->,<!--MAZER-->,,False,3,0,True,1.12,439.86,492.6432,472.6432,0,0,15/06/2016,31/12/2016,False,True,5286311_1.jpg,"5286311_1.jpg,5286311_2.jpg,5286311_3.jpg,5286311_4.jpg","5286311_1.jpg,5286311_2.jpg,5286311_3.jpg,5286311_4.jpg",94004,60070,48470,Razer,Rz.Tc.De.04.Rt,S - SE - CO - NE,,0,,598,,,0,0,,Frames/5286311.htm,"Teclado Gamer, Teclado Razer, Razer deathstalker,",12,12,08886419341468,True,True,0,0,0,,Rz.Tc.De.04.Rt,Teclado Usb Gamer Razer Deathstalker Essential,teclado-usb-gamer-razer-deathstalker-essential-rz-tc-de-04-rt-51545352,,,
A,Tv,4696056,4696056,"Tv 58"" Led Aoc Le58D1441 Hdmi Full Hd/Dtv",,<!--PREC-->,,,False,,0,False,1.12,,,0,0,0,,,True,True,4696056_pr.jpg,"4696056_det.jpg,4696056_det2.jpg,4696056_det3.jpg","4696056_amp.jpg,4696056_amp2.jpg,4696056_amp3.jpg",94004,,48470,Aoc,Le58D1441,,,0,,427,"Tv Aoc,Tv",,0,0,,Frames/4696056.htm,,12,12,07898929241436,True,True,0,0,0,,Le58D1441,,tv-58-led-aoc-le58d1441-hdmi-full-hd-dtv,,,
A,Smartphone,4727520,4727520,Smartphone Samsung Galaxy A3 Duos 4G 16Gb Preto Sm-A300Mzkdzto,,<!--MARSHMALLOW-->,,,False,,0,False,1.12,,,0,0,0,,,True,True,4727520_pr.jpg,"4727520_det.jpg,4727520_det2.jpg,4727520_det3.jpg","4727520_amp.jpg,4727520_amp2.jpg,4727520_amp3.jpg",94004,,48470,Samsung,Sm-A300Mzkdzto,,,0,,560,Smartphone Samsung,,0,0,,Frames/4727520.htm,,12,12,07892509077538,True,True,0,0,0,,Sm-A300Mzkdzto,,smartphone-samsung-galaxy-a3-duos-4g-16gb-preto-sm-a300mzkdzto,,,
A,Smartphone,4907185,4907185,Smartphone Samsung Galaxy A5 Duos 4G 16Gb Branco Sm-A500Mzwqzto,,<!--MARSHMALLOW-->,,,False,,0,False,1.12,,,0,0,0,,,False,True,4907185_pr.jpg,"4907185_det.jpg,4907185_det2.jpg,4907185_det3.jpg","4907185_amp.jpg,4907185_amp2.jpg,4907185_amp3.jpg",94004,,48470,Samsung,SM-A500MZWQZTO,,,0,,560,Smartphone Samsung,,0,0,,Frames/4907185.htm,"smartphone,smartphone samsung,smartphone galaxy,smartphone a5,smartphone duos,smartphone 4g,smartphone 16Gb,smartphone branco",12,12,07892509077156,True,True,0,0,0,,SM-A500MZWQZTO,,smartphone-samsung-galaxy-a5-duos-4g-16gb-branco-sm-a500mzwqzto,,,
A,Smartphone,4907186,4907186,Smartphone Samsung Galaxy A5 Duos 4G 16Gb Preto Sm-A500Mzkqzto,,<!--MARSHMALLOW-->,,,False,,0,False,1.12,,,0,0,0,,,False,True,4907186_pr.jpg,"4907186_det.jpg,4907186_det2.jpg,4907186_det3.jpg","4907186_amp.jpg,4907186_amp2.jpg,4907186_amp3.jpg",94004,,48470,Samsung,SM-A500MZKQZTO,,,0,,560,Smartphone Samsung,,0,0,,Frames/4907186.htm,"smartphone,smartphone samsung,smartphone galaxy,smartphone a5,smartphone duos,smartphone 4G,smartphone 16Gb,smartphone Preto",12,12,07892509077484,True,True,0,0,0,,SM-A500MZKQZTO,,smartphone-samsung-galaxy-a5-duos-4g-16gb-preto-sm-a500mzkqzto,,,
A,Smartphone,4727535,4727535,Smartphone Sony Xperia Z3 Compact 4G 16Gb Branco E0001057,,<!--MARSHMALLOW-->,,,False,,0,False,1.12,,,0,0,0,,,True,True,4727535_pr.jpg,"4727535_det.jpg,4727535_det2.jpg,4727535_det3.jpg","4727535_amp.jpg,4727535_amp2.jgp,4727535_amp3.jpg",94004,,48470,Sony,E0001057,,,0,,560,Smartphone Sony,,0,0,,Frames/4727535.htm,,12,12,07898501193955,True,True,0,0,0,,E0001057,,smartphone-sony-xperia-z3-compact-4g-16gb-branco-e0001057,,,
A,Smartphone,4727533,4727533,Smartphone Sony Xperia Z3 Compact 4G 16Gb Preto E0001056,,<!--MARSHMALLOW-->,,,False,,0,False,1.12,,,0,0,0,,,True,True,4727533_pr.jpg,"4727533_det.jpg,4727533_det2.jpg,4727533_det3.jpg","4727533_amp.jpg,4727533_amp2.jpg,4727533_amp3.jpg",94004,,48470,Sony,E0001056,,,0,,560,Smartphone Sony,,0,0,,Frames/4727533.htm,,12,12,07898501193733,True,True,0,0,0,,E0001056,,smartphone-sony-xperia-z3-compact-4g-16gb-preto-e0001056,,,
A,Access Point,4549403,4549403,Access Point Cisco 1600 C/ Saida Para Antena Externa Airsap1602E-Tk9Br=,,,,,False,,0,False,1.12,,,0,0,0,,,False,True,4549403_pr.jpg,4549403_det.jpg,4549403_amp.jpg,94004,,48470,Cisco,Airsap1602E-Tk9Br=,,,0,,601,"Access Point Cisco,Access Point",,0,0,,Frames/4549403.htm,,12,12,,True,True,0,0,0,,Airsap1602E-Tk9Br=,,access-point-cisco-1600-c-saida-para-antena-externa-airsap1602e-tk9br-,,,
A,Access Point,4713744,4713744,Access Point Cisco 1602I Aironet 802.11 A/G/N Air-Cap1602I-T-K9,,,,,False,,0,False,1.12,,,0,0,0,,,False,True,4713744_pr.jpg,"4713744_det.jpg,4713744_det2.jpg","4713744_amp.jpg,4713744_amp2.jpg",94004,,48470,Cisco,Air-Cap1602I-T-K9,,,0,,601,"Access Point Cisco,Access Point",,0,0,,Frames/4713744.htm,,12,12,,True,True,0,0,0,,Air-Cap1602I-T-K9,,access-point-cisco-1602i-aironet-802-11-a-g-n-air-cap1602i-t-k9,,,
A,Access Point,4549406,4549406,Access Point Cisco 2600 C/ Saida Para Antena Externa Airsap2602E-Tk9Br=,,,,,False,,0,False,1.12,,,0,0,0,,,False,True,4549406_1.jpg,4549406_1.jpg,4549406_1.jpg,94004,,48470,Cisco,Airsap2602E-Tk9Br=,,,0,,601,"Access Point Cisco,Access Point",,0,0,,Frames/4549406.htm,,12,12,,True,True,0,0,0,,Airsap2602E-Tk9Br=,,access-point-cisco-2600-c-saida-para-antena-externa,,,
A,Access Point,4696061,4696061,Access Point Cisco 3700 802.11Ac Air-Cap3702Iz-K9,,,,,False,,0,False,1.12,,,0,0,0,,,False,True,4696061_pr.jpg,"4696061_det.jpg,4696061_det2.jpg","4696061_amp.jpg,4696061_amp2.jpg",94004,,48470,Cisco,Air-Cap3702Iz-K9,,,0,,601,"Access Point Cisco,Access Point",,0,0,,Frames/4696061.htm,,12,12,,True,True,0,0,0,,Air-Cap3702Iz-K9,,access-point-cisco-3700-802-11ac-air-cap3702iz-k9,,,
A,Access Point,4418046,4418046,Access Point Cisco Air-Sap1602Itk9 Dual-Band,,,,,False,,0,False,1.12,,,0,0,0,,,False,True,4418046_pr.jpg,"4418046_det.jpg,4418046_det2.jpg","4418046_amp.jpg,4418046_amp2.jpg",94004,,48470,Cisco,Air-Sap1602Itk9,,,0,,601,"Access Point Cisco,Access Point",,0,0,,Frames/4418046.htm,,12,12,,True,True,0,0,0,,Air-Sap1602Itk9,,access-point-cisco-air-sap1602itk9-dual-band,,,
A,Access Point,4213690,4213690,Access Point Cisco Air-Sap2602Etk9 Dual-Band,,,,,False,,0,False,1.12,,,0,0,0,,,False,True,4213690_pr.jpg,"4213690_det.jpg,4213690_det2.jpg","4213690_amp.jpg,4213690_amp2.jpg",94004,,48470,Cisco,Air-Sap2602Etk9,,,0,,601,"Access Point Cisco,Access Point",,0,0,,Frames/4213690.htm,,12,12,,True,True,0,0,0,,Air-Sap2602Etk9,,access-point-cisco-air-sap2602etk9-dual-band,,,
A,Access Point,4696060,4696060,Access Point Cisco EAP110 300Mbps Wireless,,,,,False,,0,False,1.12,,,0,0,0,,,False,True,4696060_1.jpg,"4696060_1.jpg,4696060_2.jpg,4696060_3.jpg","4696060_1.jpg,4696060_2.jpg,4696060_3.jpg",94004,,48470,Cisco,EAP110,,,0,,601,"Access Point Cisco,Access Point",,0,0,,Frames/4696060.htm,,12,12,,True,True,0,0,0,,EAP110,,,,,
A,Access Point,4545406,4545406,Access Point D-Link Dap-2310 Wifi S/ Fio,,,,,False,,0,False,1.12,,,0,0,0,,,False,True,4545406_pr.jpg,"4545406_det.jpg,4545406_det2.jpg","4545406_amp.jpg,4545406_amp2.jpg",94004,,48470,D-Link,Dap-2310,,,0,,601,"Access Point D-Link,Access Point",,0,0,,Frames/4545406.htm,,12,12,,True,True,0,0,0,,Dap-2310,,access-point-d-link-dap-2310-wifi-s-fio,,,
A,Access Point,3974672,3974672,Access Point D-Link Dap-2310/Z Wifi S/ Fio,,,,,False,,0,False,1.12,,,0,0,0,,,False,True,3974672_pr.jpg,"3974672_det.jpg,3974672_det2.jpg","3974672_amp.jpg,3974672_amp2.jpg",94004,,48470,D-Link,Dap-2310/Z,,,0,,601,"Access Point D-Link,Access Point",,0,0,,Frames/3974672.htm,,12,12,,True,True,0,0,0,,Dap-2310/Z,,access-point-d-link-dap-2310-z-wifi-s-fio,,,
A,Access Point,3147865,3147865,Access Point D-Link Dap-2590 Wireless Apodli,,,,,False,,0,False,1.12,,,0,0,0,,,False,True,3147865_pr.jpg,"3147865_det1.jpg,3147865_det2.jpg","3147865_amp.jpg,3147865_amp2.jpg",94004,,48470,D-Link,Dap-2590,,,0,,601,"Access Point D-Link,Access Point",,0,0,,Frames/3147865.htm,"acess point wireless,acess point sem fio,acess point dlink,acess point d link,",12,12,,True,True,0,0,0,,Dap-2590,,access-point-d-link-dap-2590-wireless-apodli,,,
A,Access Point,4696065,4696065,Access Point Hp Msm410 802.11A/G/N J9427C,,,,,False,,0,False,1.12,,,0,0,0,,,False,True,4696065_pr.jpg,"4696065_det.jpg,4696065_det2.jpg,4696065_det3.jpg","4696065_amp.jpg,4696065_amp2.jpg,4696065_amp3.jpg",94004,,48470,Hp,J9427C,,,0,,601,"Access Point Hp,Access Point",,0,0,,Frames/4696065.htm,,12,12,,True,True,0,0,0,,J9427C,,access-point-hp-msm410-802-11a-g-n-j9427c,,,
A,Access Point,4703169,4703169,Access Point Link One AP312n 300Mbps Extensor,,,,,False,,0,False,1.12,,,0,0,0,,,False,True,4703169_1.jpg,"4703169_1.jpg,4703169_2.jpg","4703169_1.jpg,4703169_2.jpg",94004,,48470,Cisco,Air-Lap1131Agtk,,,0,,601,"Access Point Cisco,Access Point",,0,0,,Frames/4703169.htm,,12,12,,True,True,0,0,0,,L1-AP312N,,access-point-link-one-ap312n-300mbps-extensor,,,
A,Access Point,4418043,4418043,Access Point Linksys Wap300N-Br Dual-Band,,,,,False,,0,False,1.12,,,0,0,0,,,False,True,4418043_pr.jpg,"4418043_det1.jpg,4418043_det2.jpg","4418043_amp1.jpg,4418043_amp2.jpg",94004,,48470,Linksys,Wap300N-Br,,,0,,601,"Access Point Linksys,Access Point",,0,0,,Frames/4418043.htm,,12,12,,True,True,0,0,0,,Wap300N-Br,,access-point-linksys-wap300n-br-dual-band,,,
A,Access Point,3993985,3993985,Access Point Motorola Ap621 802.11N AP-0621-60010-WR,,,,,False,,0,False,1.12,,,0,0,0,,,False,True,3993985_1.jpg,3993985_1.jpg,3993985_1.jpg,94004,,48470,Zebra,AP-0621-60010-WR,,,0,,601,,,0,0,,Frames/3993985.htm,,12,12,00731303744703,True,True,0,0,0,,AP-0621-60010-WR,,disponivel,,,
A,Access Point,5090840,5090840,Access Point Motorola Ap650 802.11N Ap-0650-66040-Ww,"0,02",,<!--INGRAM-->,,False,12,0,True,1.12,2195.04,2458.4448,2900.98,0,0,,,False,True,5090840_1.jpg,"5090840_1.jpg,5090840_2.jpg,5090840_3.jpg","5090840_1.jpg,5090840_2.jpg,5090840_3.jpg",94004,60071,48470,Zebra,Ap-0650-66040-Ww,S - SE - CO - NE,,0,,601,Access Point Motorola,,0,0,,Frames/5090840.htm,"Access Point, Motorola, Ap650, 802.11N, Ap-0650-66040-Ww,",12,12,,True,True,0,0,0,,Ap-0650-66040-Ww,,access-point-motorola-ap650-802-11n-ap-0650-66040-ww,,,
A,Access Point,1566850,1566850,Access Point Tp-Link 015724-7 Wireless 54Mbps,,,,,False,,0,False,1.12,,,0,0,0,,,False,True,1566850_pr.jpg,1566850_det.jpg,1566850_amp.jpg,94004,,48470,Tp-Link,015724-7,,,0,,601,"Access Point Tp-Link,Access Point",,0,0,,Frames/1566850.htm,"acess point wireless,acess point sem fio,acess point Tp-Link ,TL-WA5210G",12,12,,True,True,0,0,0,,TL-WA7510N,,access-point-tp-link-015724-7-wireless-54mbps,,,
A,Access Point,3280117,3280117,Access Point Tp-Link Tl-Wa5210G Wireless 54Mbps,,,,,False,,0,False,1.12,,,0,0,0,,,False,True,3280117_pr.jpg,3280117_det.jpg,3280117_amp.jpg,94004,,48470,Tp-Link,Tl-Wa5210G,,,0,,601,"Access Point Tp-Link,Access Point",,0,0,,Frames/3280117.htm,,12,12,00845973051488,True,True,0,0,0,,Tl-Wa5210G,,access-point-tp-link-tl-wa5210g-wireless-54mbps,,,
